,Unnamed: 0_x,形容词中,性别偏度GS_x,情感极性_x,情感强度_x,情感分类_x,score_ernie,score_cbert,score_cwv,score_xlnet,score_ele,形容词
0,0,娇媚,1.203703704,1,5,赞扬,1.732061006,28.80668767,0.988222416,-0.0086069,0.47755253,charming
1,1,妩媚,1.212962963,1,5,赞扬,-0.400415822,4.583203662,0.796478275,-0.004573,-0.14683402,feminine
2,2,柔媚,1.259259259,1,1,赞扬,3.192902128,12.32127941,0.80802781,-0.0052215,1.3400049,nice and charming
3,3,贤淑,1.305555556,1,5,赞扬,0.601438141,4.781682273,1.365619757,-0.0054712,1.3571141,virtuous
4,4,俏丽,1.333333333,1,5,赞扬,-0.171261805,27.26422782,0.64234124,-0.0003127,1.6571171,pretty
5,5,水灵灵,1.333333333,1,5,赞扬,0.431244755,9.880192118,-1.024272113,0.00561999,3.0697875,watery
6,6,娴静,1.351851852,1,1,安心,2.368206396,11.94824577,1.892170362,-0.0080603,1.7544526,quiet
7,7,贤惠,1.37962963,1,5,赞扬,1.124151183,7.327076224,0.83479396,0.00083445,0.3181852,virtuous
8,8,丰腴,1.425925926,1,3,赞扬,-0.297277561,24.02351924,0.517294911,-0.0205553,-0.57277244,fertile
9,9,娇羞,1.462962963,1,5,羞,0.965228426,11.74760885,0.281435268,-0.0162496,0.33133116,shy
10,10,温婉,1.472222222,1,3,赞扬,1.436061062,-0.624720497,0.183380927,-0.0048539,1.1494119,gentle
11,11,美丽,1.481481481,1,5,赞扬,-0.542229459,12.68022929,0.279675541,0.00624761,0.16642226,beautiful
12,12,妖娆,1.546296296,1,5,赞扬,-0.487485692,7.805449581,0.20203808,-0.0089276,0.623466,Enchanting
13,13,丰满,1.546296296,1,5,赞扬,-0.542823293,9.505064798,0.042328501,-0.0069144,0.4681524,plump
14,14,泼辣,1.574074074,2,7,贬责,1.292441635,10.49632752,1.169829115,-0.0103394,0.15575963,Spicy
15,15,端庄,1.592592593,1,5,赞扬,3.139749936,17.85375814,0.904624385,0.00125421,1.5797317,dignified
16,16,羞羞答答,1.62962963,0,1,羞,0.332067384,16.94729402,0.388509177,-0.0090769,0.34806734,shy
17,17,纤弱,1.648148148,2,5,贬责,3.329117019,6.033346262,1.170448348,-0.0084135,0.11752042,frail
18,18,羞答答,1.666666667,0,3,羞,0.000863103,16.39630329,0.174317424,-0.0090769,2.4358215,shy
19,19,苗条,1.685185185,1,5,赞扬,-0.764179332,14.69510399,-0.164637482,-0.0027445,2.7158992,slim
20,20,漂亮,1.740740741,1,6,赞扬,-3.14421582,10.86256246,-0.335850442,0.0035499,1.1605351,pretty
21,21,娇贵,1.75,2,1,贬责,-0.582574115,31.12095368,1.121413013,-0.0116086,0.55167186,delicate
22,22,心灵手巧,1.787037037,1,9,赞扬,1.62231668,25.40628225,0.564713849,0.00037057,1.6175903,dexterous
23,23,颖慧,1.814814815,1,5,赞扬,1.352919937,7.570457103,0.948804843,0.00586591,3.2235074,smart
24,24,清纯,1.916666667,1,5,赞扬,1.466573093,5.269614818,-0.387708638,-0.0100445,-0.020007744,Pure
25,25,柔弱,1.953703704,0,1,贬责,1.698036181,-2.215996211,0.071050347,-0.0065057,0.5308774,soft
26,26,文静,1.953703704,1,5,赞扬,2.49142756,9.030975188,0.430533927,-0.004534,3.7049932,quiet
27,27,乖巧,1.962962963,1,3,赞扬,2.934530678,3.465540531,-0.385533173,-0.006747,1.921059,good-natured
28,28,坚贞,1.962962963,1,5,赞扬,1.708625717,7.659767666,1.364646438,-0.0015347,-0.13276562,Steadfast
29,29,骄矜,1.972222222,2,7,贬责,-1.031222649,30.08048687,0.753706967,-0.0140913,1.2268579,proud
30,30,灵巧,1.981481481,1,5,赞扬,1.202435397,9.382046457,-0.011353666,-0.0013612,1.1133507,dexterous
31,31,温柔,2.055555556,1,5,赞扬,0.304190865,1.186472603,-0.694780733,-0.007478,-0.5392255,gentle
32,32,忠贞,2.074074074,1,5,赞扬,-2.29680461,12.01643043,0.80217523,-0.0110756,0.7218499,faithful
33,33,矜持,2.083333333,1,5,羞,0.256850647,1.718502428,-0.150224733,-0.0096986,0.69474137,reserved
34,34,伶俐,2.083333333,1,5,赞扬,0.362961663,10.13039855,0.526094296,-0.0084813,1.4960558,clever
35,35,俏皮,2.092592593,1,5,赞扬,-1.65410655,20.45094734,-0.078486814,-0.0065517,1.6342636,playful
36,36,圣洁,2.12037037,1,5,赞扬,1.665776012,10.82308937,0.667544679,-0.0168534,0.7225686,holy
37,37,聪慧,2.185185185,1,5,赞扬,-0.272928479,22.91506663,1.073555057,-4.86E-05,0.15807602,intelligent
38,38,多愁善感,2.203703704,2,3,悲伤,2.648368419,26.3072583,0.019223094,9.36E-08,1.7125978,sentimental
39,39,冷若冰霜,2.212962963,2,1,贬责,3.295284,11.31320908,0.52882622,-0.002647,1.8976955,cold as ice
40,40,羞涩,2.222222222,0,3,羞,0.797962704,8.647812279,0.169853472,-0.0162364,0.40429,shy
41,41,可爱,2.259259259,1,5,赞扬,-1.898249128,7.359782497,-0.427326632,7.08E-06,0.1250624,Lovely
42,42,纯洁,2.268518519,1,5,赞扬,2.947301336,12.65612789,0.183041033,-0.0083493,1.5286431,Purity
43,43,扭捏,2.287037037,0,3,羞,0.800152836,-2.972552555,-0.361514978,-0.0048158,0.90674925,twisted
44,44,温顺,2.296296296,1,1,赞扬,1.349693577,4.283150758,0.331505707,-0.0045343,1.2832105,meek
45,45,圆润,2.305555556,1,9,赞扬,3.434783286,6.501613397,-0.86974113,0.00438971,1.8664987,rounded
46,46,羞赧,2.37037037,0,1,羞,1.059800879,7.469704582,-0.652675767,-0.015829,0.77451396,blushing
47,47,明慧,2.398148148,1,3,赞扬,2.325215795,15.27719778,-0.174246865,0.00225101,2.9380794,bright
48,48,轻佻,2.416666667,2,7,贬责,2.238221318,3.393980997,1.997954617,-0.0135862,0.2795597,frivolous
49,49,下贱,2.425925926,2,9,贬责,-1.014276638,-0.898749353,-0.192795369,-0.0045496,1.1146319,lowly
50,50,聪颖,2.453703704,1,5,赞扬,0.297738587,3.988380129,1.470564838,-0.0091155,1.2744598,intelligent
51,51,细腻,2.453703704,1,5,赞扬,-0.340018197,29.33142384,-0.899150582,-0.0085582,0.019263357,delicate
52,52,优柔,2.462962963,2,3,贬责,0.949056414,8.769685433,-0.341990602,-0.005038,0.6712861,soft
53,53,时髦,2.481481481,1,5,赞扬,-2.342400241,22.63448736,-0.377115081,-0.004396,0.035036083,fashionable
54,54,天真,2.509259259,3,5,喜爱,0.32119183,12.32294027,0.334304163,-0.0021543,1.1217644,naive
55,55,纯真,2.527777778,1,5,赞扬,2.411437857,10.66651043,0.11332759,-0.0012739,0.5621573,innocent
56,56,高洁,2.537037037,1,5,赞扬,1.62702303,13.0131938,1.387471488,-0.0123871,3.1088564,clean
57,57,贴心,2.537037037,1,5,喜爱,0.275891441,25.63684921,-0.65269819,-0.0002943,1.0908327,thoughtful
58,58,秀气,2.601851852,1,7,赞扬,0.276049839,25.73377666,-0.49004006,0.00239232,1.1692381,graceful
59,59,细心,2.601851852,1,1,赞扬,-1.22482856,25.16327221,0.177562161,0.0012584,-0.5586109,attentive
60,60,冷冰冰,2.611111111,2,5,贬责,1.11956837,15.37178906,-0.672101691,-0.0023211,2.7985477,cold
61,61,细致,2.611111111,1,5,赞扬,-0.183687083,29.17385587,-0.26752581,0.00051024,-0.1272832,delicate
62,62,温良,2.62962963,1,5,赞扬,0.365302822,12.90264848,0.809209208,-0.0105437,2.4037876,gentle and kind
63,63,恬淡,2.62962963,1,9,安心,2.692730118,30.67874011,0.158067472,-0.0052229,1.5703924,indifferent
64,64,高贵,2.62962963,1,7,赞扬,0.450266737,28.75893208,0.455437198,-0.0117858,0.52271813,noble
65,65,温和,2.657407407,0,3,赞扬,0.780657697,18.42678877,-0.547918411,-0.0028696,1.5573831,gentle
66,66,活泼,2.666666667,1,3,赞扬,0.682099235,5.61309798,-0.050065115,-0.0131344,0.92460173,Lively
67,67,善良,2.685185185,1,5,赞扬,-0.291726487,22.50488625,0.44337488,-0.0115254,0.66854995,Kind
68,68,敏感,2.685185185,0,1,贬责,2.53417217,28.05479933,-1.025835482,-0.0105838,1.7090514,Sensitive
69,69,腼腆,2.694444444,0,1,羞,1.521115322,-0.196730851,-0.489644884,-0.0204136,1.808502,Shy
70,70,任性,2.694444444,2,3,贬责,-1.607507843,8.782926196,0.421857689,-0.0013249,0.953256,Capricious
71,71,放荡,2.712962963,2,5,贬责,-1.111481367,12.00851817,0.792290083,-0.0039732,1.3453894,Slutty
72,72,稚嫩,2.722222222,0,3,喜爱,-0.262351712,5.631300508,0.295775138,-0.0161807,0.06265175,tender
73,73,低贱,2.731481481,2,5,憎恶,-0.814694846,5.883121172,0.98055053,-0.0068982,0.4780291,lowly
74,74,纯情,2.731481481,1,5,赞扬,0.817449467,4.762750046,-0.342983553,-0.003992,0.2233817,pure
75,75,小家子气,2.740740741,2,5,贬责,-0.478128109,7.134950436,-0.698687114,0.00457651,2.6489844,small-minded
76,76,慈和,2.75,1,5,赞扬,0.067597846,12.77093084,0.708697304,0.00183243,0.6334344,kind
77,77,刻薄,2.75,2,7,贬责,1.376903337,-6.747275017,0.852687323,0.00420316,0.50617105,mean
78,78,怯弱,2.777777778,2,5,贬责,1.040427497,-0.830996178,0.929774205,-0.0019154,0.9793715,timid
79,79,软弱,2.777777778,2,5,贬责,0.444517122,13.91762137,-0.659856465,9.91E-07,-0.009631872,weak
80,80,卑贱,2.787037037,2,9,贬责,-1.124904959,20.86489631,1.050985671,-0.0110617,0.08521867,lowly
81,81,懵懂,2.833333333,2,9,贬责,1.979943661,29.12370513,-0.251649736,-0.0137952,0.46843407,ignorant
82,82,机灵,2.833333333,1,5,赞扬,2.965404469,8.807517642,-0.380253462,-0.002645,0.6851723,quick-witted
83,83,虚弱,2.833333333,0,1,贬责,0.450070838,26.29271075,-0.5808195,-0.0010385,0.56264657,frail
84,84,庄重,2.833333333,1,5,赞扬,2.567655247,5.90044461,-0.332939461,0.00693942,1.4251034,dignified
85,85,幸福,2.833333333,1,7,快乐,-2.123347917,0.962291821,-0.35284399,-0.0065273,-0.026878566,happy
86,86,俭省,2.842592593,1,5,赞扬,0.812790776,8.836711057,0.580900102,-0.0005964,2.255958,frugal
87,87,浅薄,2.842592593,2,7,贬责,0.252223202,5.515261375,-1.221625194,-0.0034225,0.7579109,shallow
88,88,清清白白,2.851851852,1,5,赞扬,-0.053353907,17.89794638,-0.075453945,-0.0014952,2.6085558,clean
89,89,麻利,2.851851852,1,3,赞扬,-0.839485795,13.3286918,-0.708877023,0.00455925,2.059361,nimble
90,90,慈祥,2.851851852,1,5,喜爱,0.506372903,12.61043759,0.285019228,-0.0067292,1.047806,kind
91,91,慈悲,2.861111111,1,5,赞扬,0.149754598,25.97736851,-0.056744534,-0.0004574,0.78960145,compassionate
92,92,朴素,2.861111111,1,3,赞扬,0.532829303,8.373158991,-0.281477558,-0.0033757,0.64716303,plain
93,93,多疑,2.87037037,2,3,贬责,1.291000162,4.289912377,0.476284986,-0.0001706,1.7736874,suspicious
94,94,勤快,2.87037037,1,5,赞扬,0.039718603,27.48267977,-1.017016438,-0.0029902,0.28263962,diligent
95,95,大方,2.87037037,1,5,赞扬,2.203739143,8.591631243,-0.587579045,-0.0070621,1.4744409,generous
96,96,亲切,2.87037037,1,5,赞扬,4.397452766,1.493174855,0.547305028,-0.002207,1.0427809,affectionate
97,97,轻浮,2.87962963,2,7,贬责,0.623182057,12.85422341,0.088559805,-0.0041162,0.487378,frivolous
98,98,肤浅,2.87962963,2,7,贬责,-0.028573865,8.780306541,-1.169903942,-0.0099389,1.0846074,superficial
99,99,节俭,2.87962963,1,5,赞扬,-0.25273621,29.81784608,0.457716909,-0.0050074,2.215147,Frugal
100,100,孱弱,2.888888889,2,3,贬责,-0.203867445,7.654416943,-0.182892574,-0.0154508,1.4983368,Weak
101,101,狠毒,2.888888889,2,7,贬责,0.907990848,13.84447102,0.577354817,-0.0042638,0.6997169,Tough
102,102,清秀,2.888888889,1,5,赞扬,0.279184956,24.25435291,-0.438306793,-0.0010239,1.0393641,clean
103,103,利索,2.888888889,1,3,赞扬,0.011709304,15.87271756,-0.93969562,-0.0026472,1.3695133,shrewd
104,104,臃肿,2.888888889,2,3,贬责,-3.894684985,2.752089019,-1.063265827,-0.0111939,0.71027225,bloated
105,105,冷淡,2.888888889,2,5,贬责,-0.422698775,21.57610931,-0.199562208,-0.003048,0.59063613,lukewarm
106,106,辛劳,2.888888889,1,5,赞扬,-0.534496246,9.226135215,0.872638414,-0.0101467,0.201689,hard-working
107,107,刚烈,2.907407407,1,5,赞扬,-0.196245942,1.02741525,0.758616837,-0.0026126,1.407398,rigid
108,108,平静,2.907407407,0,3,安心,-0.702451154,2.715313667,-0.586406907,-0.0063274,0.95447195,calm
109,109,聪明,2.907407407,1,5,赞扬,-2.153944346,25.07886725,-0.483409174,-0.0080258,0.5592872,smart
110,110,勤劳,2.907407407,1,5,赞扬,0.679410609,28.63999071,0.221933787,-0.0098017,-0.97779703,diligent
111,111,风风火火,2.916666667,0,5,慌,-1.079148835,11.03744927,-0.509795634,0.00222627,2.1105814,windy
112,112,憔悴,2.916666667,0,5,悲伤,-1.902940694,11.83637078,0.428882897,-0.0113681,1.7500303,emaciated
113,113,仁慈,2.916666667,1,5,赞扬,1.686484463,10.54754041,0.778263683,-0.002523,0.34329087,benevolent
114,114,小气,2.916666667,2,7,贬责,-0.877253878,-0.954172802,-0.267161122,-0.0056669,2.0802243,petty
115,115,幼稚,2.916666667,2,7,贬责,-1.628552676,0.193081522,-1.060472627,-0.015501,0.44633648,childish
116,116,和善,2.925925926,1,5,赞扬,-0.148723065,5.728040688,-0.100738225,0.00148075,1.2347572,kind
117,117,辛勤,2.925925926,1,5,赞扬,0.362565373,6.687876087,0.799997804,-0.0066665,-0.14870241,hardworking
118,118,恭顺,2.935185185,0,7,尊敬,0.841905149,3.717730728,0.179714268,-0.0072472,1.9864599,obedient
119,119,痴情,2.935185185,0,9,喜爱,0.391855809,19.83822601,-0.030579325,-0.0068988,-0.6844933,infatuated
120,120,拘谨,2.935185185,0,3,烦闷,-1.654985674,4.49193775,-0.418674857,-0.0152382,0.13711491,formal
121,121,迷糊,2.935185185,0,5,烦闷,-0.469229961,16.21740934,-0.183424477,-0.0032663,0.13471834,confused
122,122,热心,2.935185185,1,5,赞扬,-0.35425361,11.39927314,0.129362174,0.00056502,1.1264186,Enthusiastic
123,123,友好,2.935185185,1,3,喜爱,-0.888186863,9.423217261,-0.201504192,-0.0047262,0.30958885,friendly
124,124,不幸,2.944444444,0,9,悲伤,-2.82729973,19.79794013,-0.385220458,-0.0081948,-0.64289737,unfortunate
125,125,疑神疑鬼,2.953703704,2,9,怀疑,-0.69358535,8.433272854,0.209139542,0.00152947,1.0728867,suspicious
126,126,愚昧,2.953703704,2,7,贬责,1.57749698,10.61703679,-0.32524129,-0.0080465,0.553024,ignorant
127,127,淡然,2.962962963,1,3,安心,0.680730458,7.57567767,-0.376062286,-0.0025899,2.659657,indifferent
128,128,勤俭,2.962962963,1,5,赞扬,1.184552166,25.46193708,0.395846906,-0.0052469,-0.27887222,thrifty
129,129,拖拉,2.962962963,2,3,贬责,-2.544247902,18.44867316,-0.518788033,-0.0023328,1.0063472,procrastination
130,130,高傲,2.972222222,2,5,贬责,-0.928572829,16.83379807,0.181693197,-0.0122449,1.2585456,haughty
131,131,仁爱,2.972222222,1,7,喜爱,0.304325918,9.637687182,0.768730567,-0.0041173,0.61107063,benevolent
132,132,自卑,2.972222222,2,3,失望,-2.507435506,20.38018642,-0.013052043,-0.0031003,1.3821461,inferior
133,133,势利,2.972222222,2,7,贬责,-0.240438035,4.875833103,-0.01939851,0.00134172,1.2368052,snobbish
134,134,自私,2.972222222,2,7,贬责,-0.460874327,23.58864197,-0.584501046,0.00720871,1.4063013,selfish
135,135,能干,2.972222222,1,5,赞扬,-3.685299932,8.637550543,-0.10068175,0.00381931,1.4446449,Competent
136,136,快乐,2.972222222,1,5,快乐,-0.608668428,8.042515749,-0.798721429,-0.0042492,-0.41119653,Happy
137,137,真诚,2.972222222,1,5,赞扬,-0.116277062,6.166322493,-0.938000936,-0.00197,0.58351195,Sincerity
138,138,知趣,2.981481481,1,5,赞扬,-0.371656041,17.49225288,-0.48166255,0.00149578,1.428186,fun to be around
139,139,大大咧咧,2.981481481,2,5,贬责,3.427528945,9.015019108,-1.067825621,-0.0111855,1.3950167,Big-hearted
140,140,孤苦,2.981481481,0,3,悲伤,0.322873524,29.24942577,1.364741293,-0.0035941,0.3316016,lonely
141,141,忧郁,2.981481481,0,3,烦闷,1.014618689,3.757818737,-0.590988967,-0.0023279,-0.11373664,melancholy
142,142,奢靡,2.981481481,2,7,贬责,-1.01453295,6.455273638,1.068772589,-0.0129637,0.85366243,extravagant
143,143,幸运,2.981481481,0,7,快乐,-2.539669132,12.60238308,-0.637141858,-0.0035701,-0.008227646,Lucky
144,144,普通,2.981481481,0,3,安心,-2.15056372,-2.723639909,-0.939519196,0.00106642,-0.3817645,Ordinary
145,145,热情,2.981481481,1,5,赞扬,0.720149852,28.53576683,-0.445748357,-0.0055407,1.4722675,Enthusiastic
146,146,狠心,2.990740741,2,5,贬责,-0.330637581,10.47029431,0.850684553,-0.0049273,0.9044024,Ruthless
147,147,纯朴,2.990740741,1,5,赞扬,2.651474029,6.069690058,0.207121582,-0.0065478,0.6924665,pure and simple
148,148,苛刻,2.990740741,2,5,贬责,-1.105257767,7.541991747,0.124278774,-0.0049087,1.1176715,Harsh
149,149,简朴,2.990740741,1,5,赞扬,0.749244285,16.23742557,0.304268445,-0.0029513,0.44182575,simple
150,150,可笑,2.990740741,2,1,憎恶,-1.42535683,9.744020367,-0.725283023,-0.0016449,0.18064454,ridiculous
151,151,真挚,2.990740741,1,5,赞扬,0.319864002,3.962346816,-0.271320945,-0.0086549,0.33553362,sincere
152,152,骄傲,2.990740741,2,5,憎恶,-1.461648044,8.061470067,0.170516657,-0.0101949,1.1142788,proud
153,153,懒洋洋,3,0,3,贬责,0.626793758,10.56303294,-0.823359969,-0.0032036,2.9593835,lazy
154,154,心急,3,0,3,慌,-1.850864929,12.200872,0.188937744,0.00626525,0.9455868,anxious
155,155,友善,3,1,5,赞扬,1.803010755,-4.457330872,-0.080635332,-0.0091652,1.1973436,friendly
156,156,开朗,3,1,5,赞扬,-1.112511431,3.818766736,-0.337422487,-0.0056541,1.262399,cheerful
157,157,糊涂,3,2,3,贬责,-0.525975753,11.94618633,-0.038442033,-0.001517,1.5658793,confused
158,158,谨慎,3,1,5,赞扬,-1.220699045,2.681102293,-0.438795308,-0.0072245,0.13162516,cautious
159,159,虚心,3,1,5,赞扬,0.50669666,26.16931876,0.190758841,0.00372563,2.0160956,modest
160,160,无私,3,1,5,赞扬,0.582600131,14.13099509,0.013150667,0.00529947,1.1887186,disinterested
161,161,认真,3,1,5,赞扬,-3.764978385,6.939559832,-0.965947212,0.00040395,-0.30919692,conscientious
162,162,率真,3.009259259,1,5,喜爱,0.321843436,11.60092548,0.668785356,-0.0022048,1.9658301,frank and sincere
163,163,文雅,3.009259259,1,7,赞扬,1.50631694,11.56998121,-0.026503002,0.00215936,2.1397882,elegant
164,164,冷漠,3.009259259,2,3,贬责,1.098553598,7.395701945,-0.487872216,-0.0073451,1.5336331,indifferent
165,165,抑郁,3.009259259,0,9,烦闷,0.326202282,-0.57081958,-0.028983051,-0.0095065,1.2463679,depressed
166,166,长寿,3.009259259,1,7,赞扬,-3.211746374,14.06719667,-0.706147996,-0.0004112,1.0993497,Long-lived
167,167,冷静,3.009259259,1,5,赞扬,-3.234069503,25.28137773,-0.655963543,-0.0068139,1.2195618,Calm
168,168,愁苦,3.018518519,0,5,烦闷,-0.778254944,7.905051049,0.656273414,0.00142913,-0.6508329,Sadness
169,169,倒霉,3.018518519,0,3,悲伤,-0.294173858,11.12761687,-0.558586107,0.00016907,0.42692256,unlucky
170,170,虔诚,3.018518519,1,7,尊敬,-0.698142493,7.993934882,0.391747248,-0.0113012,0.9699724,Devotion
171,171,麻木,3.018518519,2,3,贬责,-0.146537592,8.909223453,-2.06930547,0.0015246,2.9317186,numbness
172,172,客气,3.018518519,0,3,尊敬,1.704373178,7.384284169,-0.892334031,0.00100076,1.6887727,polite
173,173,乐观,3.018518519,1,3,快乐,0.169186327,5.099053238,-1.192891555,-0.0008459,-0.09832726,optimistic
174,174,健康,3.018518519,1,3,赞扬,-3.453671392,6.993092303,-0.303808934,-0.0075358,0.9801947,Healthy
175,175,积极,3.018518519,1,5,赞扬,0.974766427,10.03121729,-0.221974588,-0.0070417,0.27177057,Positive
176,176,假惺惺,3.027777778,2,5,贬责,0.434416856,6.599957201,-0.723369446,-0.0081819,2.1200578,pretentious
177,177,干练,3.027777778,1,5,赞扬,-0.229515002,2.359773697,0.5889474,5.89E-05,0.627716,Competent
178,178,出众,3.027777778,1,7,赞扬,-2.43741658,15.85649336,-0.485809021,0.00295016,-0.10216153,distinguished
179,179,无聊,3.027777778,0,3,烦闷,-1.277416512,31.35602955,-0.776500807,-0.0004994,1.0259368,Boring
180,180,蛮横,3.027777778,2,5,贬责,-1.127122264,6.895157292,0.359935034,-0.0052445,-0.19880255,rude
181,181,专心,3.027777778,1,5,赞扬,0.076900313,28.0363897,0.4880714,0.00192028,1.1809671,dedicated
182,182,质朴,3.027777778,1,5,赞扬,1.831925193,6.695294663,0.093067978,-0.0044003,1.3102577,Plain
183,183,勤奋,3.027777778,1,5,赞扬,-0.600744095,21.91288439,-0.631400914,-0.0065211,-0.27408612,diligent
184,184,刻苦,3.027777778,1,5,赞扬,2.150920908,8.888211949,0.076550349,0.00347961,0.33382034,hard-working
185,185,胖乎乎,3.037037037,0,3,喜爱,0.033151253,7.44206186,-1.060172284,-0.0108104,2.5471303,chubby
186,186,贪心,3.037037037,2,7,贬责,-1.244659798,4.429889441,-0.692320859,0.00433499,2.2438636,greedy
187,187,虚伪,3.037037037,2,9,贬责,1.460095875,0.315687187,-0.799288944,-0.0008302,-0.43170866,hypocritical
188,188,俗气,3.046296296,2,5,贬责,-2.726877018,6.060203177,-0.712822209,-0.0009802,2.0900826,vulgar
189,189,懒惰,3.046296296,2,7,贬责,0.815938861,28.72022521,-0.224099598,-0.0128776,2.5828676,lazy
190,190,亲善,3.046296296,0,3,喜爱,1.894166684,-7.90546154,0.292560059,-0.0024869,0.9375024,affectionate
191,191,悠闲,3.046296296,0,3,安心,0.449714613,22.61061325,-0.374195305,-0.0099812,0.4617473,leisurely
192,192,谦虚,3.046296296,1,5,赞扬,0.191306706,24.69986252,-0.144265391,-0.0092546,0.39260268,Humble
193,193,专注,3.046296296,1,5,赞扬,-2.845059648,26.3945845,-0.999860121,-0.0004393,1.4386971,Focused
194,194,平和,3.046296296,1,3,赞扬,0.992246581,11.94418212,-0.319427221,-0.0011279,1.3090975,Peaceful
195,195,好强,3.055555556,1,5,赞扬,-6.096101863,10.66798914,0.223202812,-0.0034103,2.4955523,Strong
196,196,清高,3.055555556,1,5,赞扬,-0.464190322,20.43694164,0.332361902,-0.0030496,1.9939227,noble
197,197,和蔼,3.055555556,1,5,喜爱,1.874572962,9.217988351,0.185723741,-0.0064576,0.8940219,amiable
198,198,勤恳,3.055555556,1,5,赞扬,-0.624867155,7.98774474,0.438704739,-0.008535,0.74593914,diligent
199,199,马虎,3.055555556,2,3,贬责,-0.909550831,18.327506,-0.268142733,-0.001676,3.5709324,Sloppy
200,200,随意,3.055555556,0,3,快乐,1.032295078,9.775094758,-0.029205903,-0.0023494,1.0692255,Casual
201,201,慢腾腾,3.064814815,2,3,贬责,-0.653733066,10.63178693,-0.60956209,-0.0097027,3.0438886,slow
202,202,随和,3.064814815,1,3,赞扬,2.049375745,2.906245682,-0.81101646,-0.001288,2.128678,easy-going
203,203,古怪,3.064814815,2,3,贬责,-0.225184367,3.044309403,-0.383422314,-0.0112048,-0.018505737,eccentric
204,204,尊贵,3.064814815,1,5,尊敬,-0.014297804,28.85137914,0.001372506,-0.0109616,0.39344913,respectable
205,205,散漫,3.064814815,2,5,贬责,-0.449570437,7.210101848,-0.412771574,-0.0034689,1.3531384,diffident
206,206,穷困,3.064814815,0,5,烦闷,-1.554372102,6.953317361,-0.318565727,0.00071033,-0.5845449,poor
207,207,勤勉,3.064814815,1,1,赞扬,0.731828491,27.7463858,0.676662203,-0.0079648,0.7955954,diligent
208,208,愚蠢,3.064814815,2,7,贬责,-0.462325948,6.723480553,-0.885747943,-0.0087224,-0.53463185,stupid
209,209,难看,3.064814815,2,5,贬责,-2.865507191,10.51177239,-0.678559946,0.00708413,2.8680716,unsightly
210,210,自信,3.064814815,1,5,赞扬,-1.602768134,21.66515123,-0.083741705,-0.0007453,0.7504712,self-confident
211,211,勤谨,3.074074074,1,5,赞扬,-1.082403809,7.482550719,0.072715267,-0.0066718,0.89666593,diligent
212,212,漠然,3.074074074,2,3,贬责,1.152206123,6.688944651,-1.073430854,-0.006887,3.6312985,indifferent
213,213,顽皮,3.074074074,3,3,贬责,-0.39538652,9.611769125,0.047595205,-0.010935,-0.016986024,naughty
214,214,用功,3.074074074,1,5,赞扬,-0.038410612,8.585010603,-0.559484412,-0.0035928,1.3747126,hard-working
215,215,浮躁,3.074074074,2,5,烦闷,-3.190775205,27.18102359,-0.40411169,-0.0089284,1.7830628,restless
216,216,平凡,3.074074074,0,5,祝愿,-1.645074858,7.300044546,0.114042865,-0.0090859,0.907189,ordinary
217,217,明净,3.083333333,1,3,赞扬,5.268821051,13.28359642,0.103633127,-0.0100807,2.7662277,clear
218,218,专一,3.083333333,1,5,赞扬,-1.356754281,10.58677713,-0.457445078,0.0004064,1.9944582,Concentration
219,219,严谨,3.083333333,1,5,赞扬,-1.228502432,3.2964697,0.412517263,-0.0024472,0.56677,Rigorous
220,220,真率,3.092592593,1,5,赞扬,-1.349268626,23.12526612,-0.233064927,-0.0022048,3.487258,Truthful
221,221,目不识丁,3.092592593,2,3,贬责,-1.261569726,18.41982209,0.7085258,0.00073579,1.7682798,illiterate
222,222,贤能,3.092592593,1,7,赞扬,-1.682809888,10.80029306,0.783957986,-0.0021426,-0.50605154,capable
223,223,倔强,3.092592593,0,1,贬责,-1.769610839,4.817508887,0.137965307,-0.0142758,1.5424079,stubborn
224,224,低能,3.092592593,2,5,贬责,-3.040751321,6.559784783,-0.095800074,0.00431816,1.5694933,imbecile
225,225,称职,3.092592593,1,5,赞扬,-1.780660799,5.74901764,-0.125300707,0.00387976,1.0189265,competent
226,226,从容,3.092592593,1,7,安心,0.176273521,10.71674439,-0.080547312,-0.0037495,0.37597802,submissive
227,227,知名,3.092592593,1,5,赞扬,-0.35163478,30.13906148,0.575275848,-0.0020587,-0.9760944,well-known
228,228,坚强,3.092592593,1,5,赞扬,-0.651087298,3.596575092,-0.280132742,-0.0030192,0.16349202,strong
229,229,主动,3.092592593,0,5,赞扬,-1.897195581,0.552497059,-1.04778795,-0.0016345,0.49199304,proactive
230,230,马马虎虎,3.101851852,2,5,贬责,-1.22267094,22.69687414,-1.179693424,0.00102801,2.2037446,Sloppy
231,231,吝啬,3.101851852,2,7,贬责,1.654532745,3.293034576,0.380464967,-0.0159846,1.7180396,stingy
232,232,精明,3.101851852,1,5,赞扬,-2.216679945,25.56789124,0.135041371,0.00132957,0.904225,shrewd
233,233,好客,3.101851852,1,3,赞扬,0.330735007,21.96020565,-0.180803403,0.00340411,1.012933,hospitable
234,234,机智,3.101851852,1,5,赞扬,-0.955174156,22.07826913,-0.037927538,-0.0038968,1.2119168,witty
235,235,执着,3.101851852,1,5,赞扬,-0.500296425,29.19172997,-0.559281946,-0.0013544,1.1537192,persistent
236,236,傻乎乎,3.111111111,0,3,贬责,0.246685735,8.222844182,-0.951970878,-0.0059869,1.9214298,foolish
237,237,见钱眼开,3.111111111,2,7,贬责,2.354597016,7.560297343,-0.582766378,-0.0002317,1.4500728,money-minded
238,238,狭隘,3.111111111,2,5,憎恶,0.951377963,5.892884398,-0.76866997,-0.0139872,-0.19172889,narrow-minded
239,239,敏锐,3.111111111,1,5,赞扬,2.225990615,25.73688135,-0.548922578,-0.0070331,1.2079682,perceptive
240,240,孤独,3.111111111,0,3,悲伤,-0.525042305,19.54287307,-0.351490515,-0.0045105,1.081711,lonely
241,241,有趣,3.111111111,1,5,赞扬,-2.110299603,19.70839038,-0.72637358,-0.0060779,0.5900749,interesting
242,242,严格,3.111111111,0,3,赞扬,-0.489579701,19.95759962,-0.152231236,-0.0031982,-0.58186746,Strict
243,243,缺德,3.12037037,2,7,贬责,-1.588335802,2.386641109,-0.394357363,-0.0025864,2.5157342,lack of virtue
244,244,镇定,3.12037037,1,5,赞扬,0.288920574,16.53829894,-0.134507343,0.0013217,1.7780012,Calm
245,245,俊俏,3.12962963,1,5,赞扬,-2.702188302,4.382594265,0.810461818,-0.0095878,-0.39067817,charming
246,246,直率,3.12962963,1,5,赞扬,0.205692917,14.59713745,0.207249761,-0.0075324,1.2604797,straightforward
247,247,急躁,3.12962963,2,5,慌,-2.968895894,23.55641065,-0.201339043,-0.0021959,-0.33551437,impatient
248,248,朴实,3.12962963,1,5,赞扬,2.711939108,3.882019802,-0.441852817,-5.26E-05,1.2893076,unpretentious
249,249,挚诚,3.138888889,1,7,赞扬,2.241857896,7.34996397,-1.131740725,-0.0154147,2.333531,Sincere
250,250,锐敏,3.138888889,1,5,赞扬,1.373695553,10.14246187,0.663066021,-0.0070331,2.118569,keen
251,251,爽快,3.138888889,1,5,喜爱,-0.790256568,9.140950386,-0.612922375,-0.0017916,1.3453759,quick
252,252,干脆,3.138888889,1,3,赞扬,0.405735591,14.74520602,-0.260112426,-0.0024349,0.16888131,crisp
253,253,自满,3.138888889,2,3,贬责,-2.382723183,4.836770536,0.200169525,-0.0006942,0.6360603,Complacent
254,254,可怕,3.138888889,0,3,恐惧,-2.422366414,18.65299556,-0.999624012,-0.0011313,-0.42522752,Scary
255,255,高尚,3.138888889,1,7,赞扬,-1.431207773,13.48040627,0.334006499,-0.0042015,1.3701142,noble
256,256,朴质,3.148148148,1,5,赞扬,0.008908678,8.075120965,0.4969726,-0.0044003,1.4459298,Plain
257,257,精明强干,3.148148148,1,7,赞扬,-1.288502072,23.12975481,0.406321316,-0.0016238,2.141051,Smart and strong
258,258,直爽,3.148148148,1,5,赞扬,-2.267304902,9.168622423,-0.345799521,-0.0048949,0.72249347,straightforward
259,259,落寞,3.148148148,0,7,悲伤,-0.70489123,6.813767291,-0.223235501,-0.0031686,1.2765357,despondent
260,260,丑陋,3.148148148,2,5,贬责,-0.189935358,8.804614093,-0.237780664,-0.008992,0.84990096,ugly
261,261,固执,3.148148148,2,5,贬责,-2.201659522,27.86894376,-0.692216255,-0.0089067,0.8311908,stubborn
262,262,淳朴,3.148148148,1,5,赞扬,0.933353846,7.604727109,-0.771371904,-0.0072725,0.7361518,simple
263,263,机敏,3.157407407,1,5,赞扬,3.541331632,27.81603641,0.24886701,-0.0041223,2.6340833,sensitive
264,264,笨拙,3.157407407,2,5,贬责,-0.451387612,22.02599771,-1.051177453,-0.0073943,0.7079629,Clumsy
265,265,兢兢业业,3.157407407,1,7,赞扬,0.016246941,29.79893598,-0.115775645,-0.0053453,1.6154902,conscientious
266,266,慎重,3.157407407,1,5,赞扬,-1.358368102,9.225618972,-0.444012239,-0.0027861,0.80609995,cautious
267,267,骄横,3.166666667,2,5,贬责,-1.992514269,27.45065122,0.408040348,-0.0106261,0.086793736,arrogant
268,268,率直,3.166666667,1,5,赞扬,0.218823147,8.568901666,0.061446566,-0.0075324,0.96224743,straightforward
269,269,怪异,3.166666667,2,1,贬责,-1.547880654,5.344774709,-0.116101756,-0.0004758,0.39605087,bizarre
270,270,淘气,3.166666667,0,1,贬责,-0.428825644,7.668714771,-0.899979498,0.00111901,0.9353847,mischievous
271,271,坚忍,3.166666667,1,5,赞扬,-2.034034018,2.650626435,1.154242675,-0.0011549,-0.2910812,stoic
272,272,踏实,3.166666667,0,7,安心,1.300204454,29.75014753,-0.909457976,0.00980434,-0.3671209,down-to-earth
273,273,实在,3.166666667,1,5,赞扬,0.040785914,19.02564968,-1.006569974,0.00289001,-0.37397805,solid
274,274,六亲不认,3.175925926,2,9,贬责,1.198477065,10.78726475,-0.850619966,-0.0029274,1.8864975,disloyal
275,275,冒失,3.175925926,2,3,贬责,-0.324708243,4.184097092,0.010611194,-0.0054409,-0.018529832,impudent
276,276,懒散,3.175925926,2,5,贬责,0.003106607,2.164578817,-0.691756,-0.0002464,1.9489043,lazy
277,277,贪婪,3.175925926,2,7,贬责,0.247038307,1.577619389,0.177150089,-0.0078083,0.56090987,greedy
278,278,坚韧,3.175925926,1,5,赞扬,0.111491554,2.435558126,0.172133836,-0.0006647,0.02596353,tough
279,279,严厉,3.175925926,0,5,贬责,-1.766648665,6.556129131,0.117068231,-0.0092113,0.6235957,stern
280,280,口蜜腹剑,3.185185185,2,7,贬责,0.147216314,7.188326099,-0.548881907,-0.0026372,2.6010695,honeyed
281,281,孤僻,3.185185185,2,1,贬责,1.092546226,-0.14950933,-0.236077072,-0.012195,1.4132013,aloof
282,282,执拗,3.185185185,2,3,贬责,-1.285583716,-0.280209189,-0.014351873,-0.0113478,1.6457528,stubborn
283,283,可恶,3.185185185,2,7,憎恶,0.439386598,14.38468291,-0.766907685,-0.0027856,-0.013559163,Abhorrent
284,284,平庸,3.185185185,2,3,贬责,-1.236110646,4.162336789,-1.108479742,-0.01135,1.459968,Mediocre
285,285,正经,3.185185185,1,7,赞扬,-1.453418855,13.15187283,-0.739383406,-0.0054166,-0.10987102,decent
286,286,爽直,3.194444444,1,5,赞扬,-2.523978785,6.084940959,0.382711218,-0.0048949,1.7786878,straightforward
287,287,消沉,3.194444444,0,5,烦闷,-0.921205965,12.25006212,-0.211331324,-0.0050077,-0.33817524,depressed
288,288,浅陋,3.203703704,2,5,贬责,-0.838063447,10.73619724,0.626705361,-0.012804,1.1549709,shallow
289,289,萎靡,3.203703704,2,3,贬责,-0.064031503,6.366504171,0.012251861,-0.012207,1.2190411,depressed
290,290,闲散,3.203703704,2,1,贬责,-0.977996403,-0.221657319,-0.036096703,0.00029214,0.25794628,idle
291,291,幽默,3.203703704,1,3,赞扬,-1.415203603,-7.538991293,-0.769318061,-0.0126478,1.2381504,humorous
292,292,无情,3.203703704,2,7,贬责,1.263852325,11.01539567,-0.574409373,0.00034673,1.1655583,heartless
293,293,富有,3.203703704,0,1,赞扬,-0.251669234,5.178613327,-0.396425659,-0.0063234,0.3671601,rich
294,294,孤傲,3.212962963,2,7,贬责,-0.192276484,2.78858722,-0.1285518,-0.0081899,0.6577817,lonely
295,295,偏执,3.212962963,2,5,贬责,-2.740358979,24.54842013,-0.005727691,-0.009119,1.4225397,Paranoid
296,296,苍老,3.222222222,0,5,悲伤,-0.068570019,8.625248176,-0.022595486,-0.0022997,1.6962638,Aged
297,297,机警,3.222222222,1,5,赞扬,-1.494052503,7.584143048,-5.06E-05,-0.0034008,2.9682064,alert
298,298,博学,3.222222222,1,5,赞扬,1.056162822,10.58511259,-0.045381254,-0.0138907,1.6178546,Learned
299,299,开明,3.231481481,1,3,赞扬,0.603586443,14.11335425,0.73226171,-0.0025449,0.91248715,enlightened
300,300,严肃,3.231481481,1,3,赞扬,-1.512524146,9.466392547,-0.900805184,-0.0067736,1.2037272,Serious
301,301,木然,3.240740741,2,3,憎恶,0.575716963,18.93639454,-0.749616523,-0.0039159,4.4964147,Wooden
302,302,阴郁,3.240740741,0,5,烦闷,1.37804401,9.769046231,-0.595412285,0.00060218,1.3632557,gloomy
303,303,呆板,3.240740741,2,3,贬责,-2.112794784,7.722769119,-1.349050853,-0.01141,1.092162,Dull
304,304,正直,3.240740741,1,5,赞扬,-0.50873278,4.962792013,0.885974841,-0.0170733,2.2908597,upright
305,305,沉着,3.240740741,1,3,安心,-1.36895312,2.436842657,-0.29152177,-0.0055667,1.1009285,calm
306,306,疯狂,3.240740741,2,7,贬责,-5.458807855,10.65362944,-0.296477416,-0.012243,-0.67543423,Crazy
307,307,沉郁,3.25,0,3,烦闷,1.384573638,11.07596339,-0.144731262,-0.007683,1.4991276,depressed
308,308,死板,3.25,2,3,贬责,-2.514127598,7.037068268,-1.709348787,-0.0087124,1.1907341,rigid
309,309,谦和,3.25,1,5,赞扬,1.313914292,2.722028,-0.056099358,-0.0101135,0.6802294,humble
310,310,卑劣,3.259259259,2,9,贬责,1.633230447,3.304246865,0.211006678,-0.0096292,-0.26821196,mean
311,311,高明,3.259259259,1,7,赞扬,-2.369041161,18.86455261,-0.967061644,-0.0061326,1.8177357,brilliant
312,312,顽强,3.259259259,1,7,赞扬,-2.090523734,7.449524818,-0.378468262,-0.0113813,0.58976704,stubborn
313,313,放浪,3.268518519,2,5,贬责,-0.330830058,11.83070814,-0.043738403,-0.0012817,0.8950052,dissipated
314,314,嚣张,3.268518519,2,7,憎恶,-0.330004842,13.83245228,-0.22434407,-0.0052977,0.22369042,arrogant
315,315,正派,3.268518519,1,5,赞扬,-2.807242755,-4.371738953,-0.18793786,-0.0090755,0.89381015,decent
316,316,可靠,3.268518519,1,5,相信,-0.288072859,11.47293542,-0.248667826,-0.0020796,-0.247952,Reliable
317,317,谦逊,3.277777778,1,5,赞扬,1.902975473,26.41124323,0.785947412,-0.0194803,0.93807566,Humble
318,318,滑稽,3.277777778,0,3,贬责,1.078799309,15.74143344,-0.224516389,-0.0094332,0.98228717,Funny
319,319,狡猾,3.277777778,2,5,贬责,-1.437787524,0.350174868,-0.361188386,-0.0199238,-0.5460812,Cunning
320,320,无畏,3.277777778,1,5,赞扬,-1.875836738,14.81838989,0.497314413,-0.0025013,2.0433002,Fearless
321,321,大胆,3.277777778,2,3,贬责,-1.541143452,13.26105075,-0.038346375,-7.99E-05,0.17121601,Daring
322,322,愚钝,3.287037037,2,7,贬责,1.009707134,-0.491885125,-0.232043389,-0.0110857,1.0399314,obtuse
323,323,婆婆妈妈,3.287037037,2,3,贬责,0.711343607,11.80475175,-0.099939571,0.01210768,1.3314806,motherly
324,324,世故,3.287037037,2,5,贬责,-1.295247565,2.302739679,0.013245836,0.00591703,0.5626956,worldly
325,325,邪恶,3.287037037,2,9,憎恶,1.258033998,25.19650355,0.400872752,-0.0081571,-0.866553,Evil
326,326,忠诚,3.287037037,1,5,赞扬,-1.459914902,13.43152312,0.256178419,-0.0145955,0.7058998,loyal
327,327,恐怖,3.287037037,0,5,恐惧,-1.532243636,-2.670445198,-0.560555811,-0.0078659,-0.587129,horrible
328,328,谦恭,3.305555556,1,5,赞扬,1.531066466,-1.101487256,0.324145953,-0.0170255,1.2534704,modest
329,329,好胜,3.305555556,2,3,贬责,0.14400252,6.865363423,0.534580705,0.00203708,1.303962,aggressive
330,330,恶狠狠,3.305555556,2,7,憎恶,0.197145728,25.90807263,-0.303431705,-0.0103487,1.5608401,vicious
331,331,杰出,3.305555556,1,7,赞扬,-2.616643793,9.48991024,0.783128551,-0.0086546,0.8162228,outstanding
332,332,谦卑,3.314814815,0,5,尊敬,0.990598984,22.35334889,0.501782755,-0.0130213,1.0066133,humble
333,333,老练,3.314814815,1,3,赞扬,-0.82053488,25.73180162,0.022122204,0.00196049,1.6933855,sophisticated
334,334,清瘦,3.324074074,0,7,悲伤,-0.184394476,28.59948429,-0.360191445,-0.0067628,0.27857578,lean
335,335,伟大,3.324074074,1,5,赞扬,-0.971364393,11.6682053,-0.6288894,-0.0005992,0.15347448,great
336,336,显贵,3.333333333,1,3,赞扬,-0.517366771,26.41606734,0.652519405,-0.0073373,-0.22394793,distinguished
337,337,专横,3.333333333,2,5,贬责,-0.831945579,13.84776014,0.37430815,-0.0052985,0.19970337,bossy
338,338,老实,3.333333333,1,3,赞扬,-0.574258957,23.25687911,-0.774983406,0.00614943,-0.5345747,honest
339,339,野蛮,3.333333333,2,5,贬责,-0.75540489,3.994146877,0.211366584,0.00457822,0.56816673,barbaric
340,340,愚笨,3.351851852,2,7,贬责,0.412906962,5.11542772,-0.934359825,-0.0082419,0.15961158,Foolish
341,341,冷酷,3.351851852,2,3,贬责,-0.631267645,14.82785442,-0.556923098,-0.0069976,1.1596032,cold
342,342,文气,3.351851852,1,5,赞扬,-0.566078517,12.6940874,0.585999205,4.82E-05,3.166073,gentle
343,343,慷慨,3.351851852,1,5,赞扬,-1.68916508,6.078964085,0.685825914,-0.0160271,1.2027906,generous
344,344,显赫,3.361111111,0,5,赞扬,-1.163796914,15.07220265,1.450572399,-0.0090901,-0.4864011,illustrious
345,345,自负,3.361111111,2,7,贬责,1.197440643,25.98205634,-0.352806318,-0.0046143,1.8844796,conceited
346,346,洒脱,3.37037037,1,3,赞扬,-1.770158621,9.151926134,-0.262946701,-0.0045434,2.229248,spontaneous
347,347,自大,3.37037037,2,7,贬责,-1.895334349,5.033138615,-0.084129696,0.00452767,1.2452557,arrogant
348,348,坦荡,3.37962963,1,7,赞扬,-1.283110525,5.735311998,-0.320963279,-0.0051281,0.577332,frank
349,349,诚朴,3.398148148,1,5,赞扬,1.977271672,6.821473458,1.219035559,-0.0072439,1.2082736,Sincere and simple
350,350,圆滑,3.398148148,2,1,贬责,1.214143341,2.878854054,-0.578036388,0.0043799,1.6930209,smooth
351,351,寒酸,3.398148148,0,3,悲伤,-1.759207251,9.920361645,-0.351860027,-0.0100379,1.5021993,shabby
352,352,木讷,3.416666667,2,3,憎恶,2.165539871,8.561998289,-0.844331539,-0.012416,2.9319677,wooden
353,353,懦弱,3.425925926,2,5,贬责,0.185980913,0.800866625,0.218920828,-0.0141363,0.83965504,cowardly
354,354,锋芒毕露,3.435185185,2,1,贬责,1.199874689,14.6588332,-0.446884727,-0.0049097,0.25660414,sharp
355,355,狡黠,3.435185185,2,3,贬责,-0.36117189,-0.597075428,-0.069508692,-0.0202445,0.4268962,cunning
356,356,阴险,3.435185185,2,9,贬责,-0.427188372,27.60585124,-0.271975638,-0.0028387,1.4910688,sinister
357,357,凶悍,3.444444444,2,3,贬责,-2.542061327,3.280529614,0.102772114,-0.0142292,0.77292436,fierce
358,358,凶狠,3.444444444,2,5,贬责,-1.971774951,3.986960476,-0.312414981,-0.0144735,-0.11089402,fierce
359,359,邋遢,3.453703704,2,7,贬责,-2.073317214,2.371088752,-0.3614137,-0.0198843,1.5925285,sloppy
360,360,温厚,3.453703704,1,3,赞扬,0.241124112,20.9858966,-0.210123647,-0.0042414,0.78708017,gentle
361,361,阔气,3.453703704,2,1,贬责,-1.986548274,2.246828677,0.548691591,-0.0057714,2.0299497,broad-minded
362,362,笃实,3.462962963,1,5,赞扬,2.85235554,10.17725208,-0.183924788,-0.0007531,0.8067513,honest
363,363,清廉,3.472222222,1,5,赞扬,-0.815201522,2.548459704,0.896259184,-0.0105608,1.0603956,incorruptible
364,364,无耻,3.472222222,2,9,憎恶,-2.434057944,28.40839763,-0.25970478,-0.0027884,0.12822548,shameless
365,365,果敢,3.481481481,1,5,赞扬,-1.971289812,10.32473275,-0.033917668,0.00185503,0.60620415,bold
366,366,矫捷,3.490740741,1,5,赞扬,-1.564251097,7.797979462,-1.414066026,-0.0076267,2.200032,quick-witted
367,367,宽宏大量,3.5,1,7,赞扬,0.973407033,11.31394827,-0.19303902,-0.0114829,2.4347246,magnanimous
368,368,磊落,3.5,1,5,赞扬,0.618248298,7.915740863,0.626777677,-0.0075367,2.3226118,open-minded
369,369,宽宏,3.509259259,1,5,赞扬,-0.425947156,9.522569065,0.004622455,-0.0167701,1.877263,magnanimous
370,370,耿直,3.509259259,1,3,赞扬,-2.014132242,4.445555597,0.247707123,-0.0131764,2.3417134,straightforward
371,371,稳重,3.509259259,1,5,赞扬,-1.739075071,26.99564924,-1.14351472,0.00150102,0.9579719,stable
372,372,豁达,3.509259259,1,5,赞扬,-0.9946802,11.4178015,0.101344241,-0.0040674,0.31318948,generous
373,373,阔绰,3.527777778,0,1,贬责,1.48406796,8.69293162,0.753238663,-0.0157032,1.590199,generous
374,374,俊美,3.527777778,1,5,赞扬,-2.493585654,26.03266464,-0.128509085,-0.0020511,0.40943867,handsome
375,375,颓唐,3.537037037,2,5,贬责,-3.058874365,14.02311181,-0.528467634,-0.0041896,1.6244485,decadent
376,376,狂妄,3.546296296,2,7,憎恶,-1.702798133,8.734367665,-0.101903569,-0.0066182,-0.8281242,arrogant
377,377,颓丧,3.555555556,2,1,烦闷,-2.682720288,7.681717734,0.507657222,-0.0031366,0.48849452,decadent
378,378,厚道,3.564814815,1,5,赞扬,0.373494994,7.217730046,-0.851397047,0.00331212,1.7755854,generous
379,379,莽撞,3.583333333,2,5,贬责,-2.665423232,1.362738147,0.97522987,-0.0051935,1.9077595,reckless
380,380,强硬,3.583333333,0,1,贬责,-1.770266615,-0.056959554,-0.634825754,-0.0098935,0.107262336,tough
381,381,无恶不作,3.601851852,2,7,贬责,2.261106377,25.18845471,0.367182035,0.00038483,1.7693081,evil
382,382,矫健,3.601851852,1,5,赞扬,-2.115187209,3.159267491,-0.357857057,-0.0191827,0.764446,athletic
383,383,诡诈,3.611111111,2,7,贬责,-1.134929359,3.289547937,0.679092147,-0.0098781,-0.5372577,deceitful
384,384,狡诈,3.611111111,2,5,贬责,-0.339252121,-2.510338027,-0.178593706,-0.0118617,-0.006091088,cunning
385,385,粗俗,3.62037037,2,7,贬责,-2.665967935,6.720958954,-0.590432532,-0.0106164,0.4076138,vulgar
386,386,潇洒,3.62037037,1,5,赞扬,-1.207881012,9.032471996,-0.642263534,-0.0098175,1.6585898,dashing
387,387,堂堂正正,3.62962963,1,7,赞扬,0.622132998,10.22157257,0.037355477,-0.0054159,2.0580544,dignified
388,388,凶恶,3.62962963,2,3,贬责,1.371628074,17.72811922,-0.412407992,-0.0105636,-0.6414646,vicious
389,389,朴厚,3.638888889,1,5,赞扬,0.488757376,12.43488518,0.093154696,-0.0035859,2.5147707,plain and thick
390,390,庸碌,3.638888889,2,3,贬责,0.389661079,13.37347226,-0.758720986,-0.0179977,1.4283967,mediocre
391,391,老成,3.638888889,0,5,赞扬,0.008689988,5.543068992,-0.253858422,0.00078539,1.9596248,old and mature
392,392,老辣,3.648148148,2,5,贬责,1.066939442,10.63805723,-0.171678186,0.00162347,2.0459926,old and spicy
393,393,俊秀,3.657407407,1,5,赞扬,-2.375460296,9.659947179,-0.642360442,-0.006106,0.025206894,handsome
394,394,刚强,3.657407407,1,5,赞扬,-3.26370949,0.347469593,0.865503435,-0.0063336,1.8686025,strong
395,395,猖狂,3.657407407,2,7,憎恶,-3.005936066,15.59897403,-0.494564399,-0.0097089,-0.2201944,wild
396,396,贤明,3.666666667,1,5,赞扬,0.412654569,14.43646659,0.357205895,-0.0050512,1.2757132,wise
397,397,奸诈,3.675925926,2,9,贬责,-1.101175783,15.26464022,0.277552472,-0.005875,-1.1860288,treacherous
398,398,豪爽,3.685185185,1,7,赞扬,-2.084785119,4.017073815,-0.161391598,-0.0114192,0.9423296,brash
399,399,廉明,3.694444444,1,5,赞扬,-0.395688656,13.86313819,-0.155067303,-0.0045238,2.9651904,incorruptible
400,400,廉正,3.703703704,1,5,赞扬,-0.782093329,8.38316029,1.542511497,-0.0057523,2.085259,honest and upright
401,401,忠厚,3.703703704,1,5,赞扬,-0.743954514,21.27295338,0.985882965,-0.0074059,0.53308356,loyalty
402,402,衰颓,3.712962963,2,5,贬责,0.112294421,11.66371261,0.42825446,-0.0065745,1.1222274,decadent
403,403,迂腐,3.712962963,2,7,贬责,-2.833779616,29.31400531,-0.290784448,-0.0130558,0.2606023,pedantic
404,404,凶残,3.731481481,2,7,贬责,-0.022114498,26.90193854,0.179887272,-0.0127093,-0.85798347,cruelty
405,405,独裁,3.731481481,2,7,憎恶,0.279912861,20.3771601,-0.127408035,-0.0170175,0.11580749,dictatorial
406,406,桀骜,3.759259259,0,3,贬责,-1.447350268,11.98794796,0.632842663,-0.0195969,1.4233036,unruly
407,407,硬朗,3.759259259,1,3,赞扬,-1.845838953,3.62902956,-1.503700701,-0.0076524,1.9372346,hard-headed
408,408,鲁莽,3.768518519,2,5,贬责,-1.861820562,10.80981538,0.475067183,-0.0098894,2.4982948,reckless
409,409,无赖,3.768518519,2,7,贬责,-0.964181272,3.202289143,-0.29328309,0.00228351,0.37697428,rogue
410,410,老实巴交,3.787037037,1,5,相信,2.741865912,20.52223897,-0.713914966,0.00383923,2.4275327,honest
411,411,强横,3.787037037,2,5,贬责,-0.681728728,6.688676694,-0.571303766,-0.0108779,0.073031366,Rough and tumble
412,412,张狂,3.796296296,2,5,贬责,-2.964763983,14.07325394,-0.384525284,-0.0133443,2.0492787,wild
413,413,豪放,3.796296296,1,5,赞扬,-1.896415502,4.488787454,-0.449238929,-0.0085349,0.66371626,bold
414,414,刚直,3.814814815,1,5,赞扬,-0.63941213,2.340506686,0.383598209,-0.0034051,0.8518584,straightforward
415,415,贤哲,3.824074074,1,7,赞扬,-0.254422905,14.94980924,0.089173196,-0.0138439,0.4397356,sagacious
416,416,油滑,3.824074074,2,3,贬责,-0.559369488,18.46158089,0.183103919,-0.0039881,1.1224842,oily
417,417,轻狂,3.833333333,2,7,贬责,-2.39255821,12.76120357,-0.060737725,-0.0059067,1.4712207,frivolous
418,418,英明,3.851851852,1,7,赞扬,0.941422677,15.23977126,-0.781042202,0.00121324,2.1460705,wise
419,419,冷峻,3.888888889,2,5,贬责,0.210329378,3.198911409,-0.660549927,-0.0079322,2.4240923,cold
420,420,剽悍,3.898148148,2,3,憎恶,-1.87726912,7.131921982,-0.427833865,-0.0127862,1.1198007,swarthy
421,421,财大气粗,3.907407407,3,3,赞扬,0.195402412,5.529225603,-0.456638789,-0.0093065,1.9163172,wealthy
422,422,英勇,3.907407407,1,5,赞扬,-2.55336819,6.702903851,0.187963042,-0.0127179,0.6309978,brave
423,423,腰缠万贯,3.916666667,1,7,赞扬,0.522293491,13.76248791,-0.383594627,-0.0068602,0.7519517,wealthy
424,424,粗鲁,3.916666667,2,5,贬责,-1.253508985,0.728383573,-0.261741195,-0.0145464,0.24890275,rude
425,425,滑头,3.925925926,2,5,贬责,-1.46498939,10.62538603,-0.773729653,-0.0050585,1.7508426,slick
426,426,刚愎,3.925925926,2,5,贬责,1.835387984,15.86946109,0.455192882,-0.0119281,3.1474621,headstrong
427,427,刚正,3.935185185,1,5,赞扬,-0.596228174,15.69296349,0.852272171,-0.0022117,1.2305778,upright
428,428,威严,3.935185185,1,5,赞扬,-2.04561825,7.355951222,0.823194386,0.00417912,0.80498743,majestic
429,429,残暴,3.944444444,2,9,贬责,-0.618969499,5.245431998,0.473201482,-0.0078203,-1.2996664,brutal
430,430,圣明,3.962962963,1,9,赞扬,0.439660352,21.56782176,-1.277240057,-0.0105989,0.91472054,wise
431,431,昏庸,3.990740741,2,7,贬责,-0.810041062,29.44909178,0.223349871,-0.0112364,0.68546027,Foolish
432,432,憨厚,4,1,5,赞扬,-1.844380796,23.97305499,-1.087234482,-0.0106921,1.8356061,simple
433,433,刚毅,4.009259259,1,5,赞扬,2.052451944,5.92539486,0.553979849,-0.0077183,2.0160546,Stalwart
434,434,斯文,4.009259259,1,5,赞扬,-0.841438348,12.53698327,-0.833786605,0.00271066,2.5750382,gentle
435,435,健旺,4.018518519,1,7,赞扬,-2.894726394,5.767091773,-0.268519179,-0.0168905,2.6576738,vigorous
436,436,窝囊,4.037037037,2,7,贬责,-2.081706134,14.13797347,-0.524930235,-0.0070676,2.850453,weak
437,437,老谋深算,4.064814815,2,5,贬责,2.044199567,7.802230018,-0.290839297,0.00101513,2.184283,wise and resourceful
438,438,肥壮,4.064814815,1,3,赞扬,-0.707593062,27.53625821,-0.706606127,-0.0186711,0.5684239,fat
439,439,高大,4.064814815,0,3,赞扬,1.523127612,9.569386888,-0.934172529,-0.001103,1.3921404,tall
440,440,儒雅,4.074074074,1,5,赞扬,-1.037136612,25.88212607,-0.339595234,-0.008259,1.570111,elegant
441,441,清俊,4.101851852,1,5,赞扬,-1.689564393,11.56947759,-0.049199316,-0.0172175,2.639937,handsome
442,442,荒淫,4.12037037,2,7,贬责,1.157853561,6.857530737,1.011010178,-0.0057037,-0.381891,desolate
443,443,强健,4.12037037,1,5,赞扬,-0.908204909,25.35827623,-0.25175805,-0.0165588,-0.50748694,strong and healthy
444,444,威风,4.166666667,1,5,尊敬,-0.197704899,10.29950296,0.316901227,0.00235913,0.7903689,powerful
445,445,凶暴,4.185185185,2,7,贬责,-0.891310717,1.696905205,0.379136308,-0.0097994,-0.36620384,fierce and violent
446,446,文质彬彬,4.203703704,1,7,赞扬,-1.033803155,15.69491352,-0.556523799,-0.0087758,1.6930454,civilized and courteous
447,447,勇猛,4.203703704,1,5,赞扬,-3.503903052,3.296927697,-0.242407226,-0.0120138,-0.12105822,brave
448,448,下流,4.212962963,2,7,贬责,0.803557569,12.83172934,-0.822480964,0.0019993,0.9861818,nasty
449,449,流气,4.231481481,2,5,贬责,-2.576489114,0.986773063,-1.234958836,-0.0022223,2.3302536,effeminate
450,450,神勇,4.231481481,1,7,赞扬,-1.920267427,9.829356075,0.616922104,-0.0033782,1.2009349,courageous
451,451,健壮,4.268518519,1,3,赞扬,-1.578742531,27.971984,-0.953041667,-0.0230716,0.8129951,robust
452,452,英武,4.324074074,1,7,赞扬,-1.345941544,10.49342568,0.721088132,-0.0013719,1.5372562,heroic
453,453,帅气,4.342592593,1,5,赞扬,-4.973650437,23.5501133,-1.374300573,-0.0102413,1.4397874,handsome
454,454,健硕,4.37037037,1,3,赞扬,-2.614868905,7.019034665,-1.15150127,-0.0185372,1.5319877,robust
455,455,刚健,4.388888889,1,5,赞扬,-0.608204725,8.431755008,0.332502684,-0.0111701,2.0196922,robust
456,456,猥琐,4.425925926,2,9,贬责,-4.055377539,-0.202440979,-1.200049425,-0.0099877,0.7855334,indecent
457,457,精壮,4.425925926,1,5,赞扬,-3.035813443,28.08755535,-0.950743405,-0.0105336,0.3404521,sturdy
458,458,威武,4.435185185,1,3,赞扬,-0.212285439,12.5887778,-0.061028007,1.93E-05,0.79495126,powerful
459,459,壮实,4.453703704,1,3,赞扬,0.257633916,24.22946284,-0.373442754,-0.0095476,1.4370718,sturdy
460,460,魁伟,4.490740741,1,9,赞扬,-2.893323454,9.316614217,0.755457136,-0.0131153,1.9674213,sturdy
461,461,勇武,4.490740741,1,5,赞扬,-1.348144531,6.22916719,0.723921633,-0.0075443,0.222244,brave
462,462,英俊,4.537037037,1,5,赞扬,-1.895005924,5.141945101,0.110486782,-0.0067268,1.3448291,handsome
463,463,雄健,4.564814815,1,5,赞扬,-1.18525151,15.18374159,0.264736263,-0.0196656,0.66055715,robust
464,464,壮硕,4.601851852,1,3,赞扬,-0.522908477,26.72146765,-1.105525886,-0.0202135,1.1514636,sturdy
465,465,魁梧,4.648148148,1,3,赞扬,-0.404488595,2.479850005,-0.283836634,-0.0155155,1.2669039,sturdy