,形容词中,性别偏度GS_x,情感极性_x,情感强度_x,情感分类_x,score,score_literature,score_renmin,score_weibo,score_zhihu,形容词
0,积极,3.018518519,1,5,赞扬,-0.221974588,-0.003598944,-0.196697084,-0.442809943,0.652531627,active
1,健康,3.018518519,1,3,赞扬,-0.303808934,0.025447404,0.179017947,-0.636882393,-0.411544057,healthy
2,普通,2.981481481,0,3,安心,-0.939519196,-0.367367714,-0.102957425,0.278124662,-0.189928317,ordinary
3,认真,3,1,5,赞扬,-0.965947212,0.882040076,0.663670031,-0.091981542,0.846712086,conscientious
4,主动,3.092592593,0,5,赞扬,-1.04778795,-1.565749791,-0.242718013,-0.414874987,0.27553786,proactive
5,严格,3.111111111,0,3,赞扬,-0.152231236,-0.563130946,-0.031978519,0.488865851,-0.350275423,Strict
6,伟大,3.324074074,1,5,赞扬,-0.6288894,0.015346713,0.093328449,-0.536153402,-0.320090767,Great
7,知名,3.092592593,1,5,赞扬,0.575275848,-1.064499956,-0.243686759,0.603652279,-1.267383942,Well-known
8,美丽,1.481481481,1,5,赞扬,0.279675541,0.31781543,1.716336632,0.585206525,-1.461528658,Beautiful
9,热情,2.981481481,1,5,赞扬,-0.445748357,0.370529208,0.740434767,-0.382778833,-0.702183348,Enthusiastic
10,友好,2.935185185,1,3,喜爱,-0.201504192,-0.062992182,0.190745222,1.540839185,0.369441704,Friendly
11,实在,3.166666667,1,5,赞扬,-1.006569974,-0.072227346,-0.353143406,1.184153515,0.186903018,Real
12,幸福,2.833333333,1,7,快乐,-0.35284399,0.517692618,-0.29070504,0.489498505,-0.175619546,Happy
13,疯狂,3.240740741,2,7,贬责,-0.296477416,-0.361451956,0.398515013,-0.027743947,0.548415642,Crazy
14,谨慎,3,1,5,赞扬,-0.438795308,-0.230244781,-0.620886483,0.286479339,0.333595826,Discreet
15,快乐,2.972222222,1,5,快乐,-0.798721429,0.355993742,-0.14060661,0.389936054,0.23523015,happy
16,可爱,2.259259259,1,5,赞扬,-0.427326632,0.466510528,0.985415244,0.870180655,0.377430246,Lovely
17,漂亮,1.740740741,1,6,赞扬,-0.335850442,0.67497248,2.398321135,0.635952513,0.191420779,beautiful
18,富有,3.203703704,0,1,赞扬,-0.396425659,-1.345817562,-0.111398657,0.12193134,0.281936038,rich
19,乐观,3.018518519,1,3,快乐,-1.192891555,0.75016901,0.145532936,0.048978062,-0.286686476,optimistic
20,亲切,2.87037037,1,5,赞扬,0.547305028,-1.531899458,0.116374725,1.516141371,-0.130964134,affectionate
21,专注,3.046296296,1,5,赞扬,-0.999860121,-0.502953398,-0.338164529,-0.388551235,-1.320656143,Focused
22,随意,3.055555556,0,3,快乐,-0.029205903,-0.931958931,-0.477919577,-0.016398104,-0.2864197,Casual
23,敏感,2.685185185,0,1,贬责,-1.025835482,-0.294987157,-1.457941429,1.106087106,0.37200264,Sensitive
24,大胆,3.277777778,2,3,贬责,-0.038346375,0.077406998,-0.188986029,-0.278925524,0.668069307,Bold
25,不幸,2.944444444,0,9,悲伤,-0.385220458,-0.043729835,-0.747670936,0.45163154,-0.46059674,Unfortunate
26,自信,3.064814815,1,5,赞扬,-0.083741705,0.490311898,0.907483194,0.772992851,-1.647563402,Self-confident
27,温和,2.657407407,0,3,赞扬,-0.547918411,0.24132564,0.060065461,1.272959279,0.201029461,Mild
28,英勇,3.907407407,1,5,赞扬,0.187963042,-0.496010052,-0.248701701,0.225230546,0.268609049,Courageous
29,坚强,3.092592593,1,5,赞扬,-0.280132742,0.366394812,0.917460315,-0.257858131,-1.186991222,Strong
30,可靠,3.268518519,1,5,相信,-0.248667826,-1.426390119,-0.248631623,0.767059165,0.074848366,Reliable
31,聪明,2.907407407,1,5,赞扬,-0.483409174,0.4852302,1.542413672,0.132749755,0.264690335,Smart
32,恐怖,3.287037037,0,5,恐惧,-0.560555811,-0.420640275,0.039031769,1.39186328,0.862120262,Scary
33,严肃,3.231481481,1,3,赞扬,-0.900805184,0.248481964,0.647769403,-0.365089624,-0.523259458,Serious
34,细腻,2.453703704,1,5,赞扬,-0.899150582,0.117344499,0.402443929,0.564036835,0.838945804,Delicate
35,有趣,3.111111111,1,5,赞扬,-0.72637358,-0.259054819,-0.996598598,0.243448734,0.05136839,Interesting
36,杰出,3.305555556,1,7,赞扬,0.783128551,0.140874637,0.817662018,0.546706529,-0.695422589,Outstanding
37,严谨,3.083333333,1,5,赞扬,0.412517263,0.240484896,-0.247822307,-0.482191815,-0.379077654,Rigorous
38,善良,2.685185185,1,5,赞扬,0.44337488,-0.010551005,0.838116311,-0.03209417,-0.03896223,Kind
39,可怕,3.138888889,0,3,恐惧,-0.999624012,0.052110825,-0.626787282,0.461552669,1.033385494,Scary
40,顽强,3.259259259,1,7,赞扬,-0.378468262,-0.27136621,-0.230986362,-0.864356885,0.943228234,Stubborn
41,平静,2.907407407,0,3,安心,-0.586406907,-0.244153793,-0.070422337,0.771969113,-0.196522745,Calm
42,高大,4.064814815,0,3,赞扬,-0.934172529,0.13390909,0.786133613,0.728637402,0.170055651,Tall
43,细致,2.611111111,1,5,赞扬,-0.26752581,-0.28535213,0.521357918,0.557781279,0.133855582,Delicate
44,严厉,3.175925926,0,5,贬责,0.117068231,1.003011865,0.733286873,-0.30412573,-0.442404147,Severe
45,温柔,2.055555556,1,5,赞扬,-0.694780733,-0.210366306,0.911056804,0.930572622,0.283284593,Gentle
46,幽默,3.203703704,1,3,赞扬,-0.769318061,-1.125371181,0.276190106,1.127180007,-0.200689602,Humorous
47,真诚,2.972222222,1,5,赞扬,-0.938000936,-0.163499973,0.255485013,0.233974961,0.104578727,Sincerity
48,孤独,3.111111111,0,3,悲伤,-0.351490515,-0.17961228,-0.490414759,1.121832726,-0.488872242,Lonely
49,幸运,2.981481481,0,7,快乐,-0.637141858,-0.482210156,0.688479627,1.275153445,-0.394314774,Lucky
50,高尚,3.138888889,1,7,赞扬,0.334006499,-0.722372675,-0.585108101,0.269566967,0.070142713,Noble
51,冷静,3.009259259,1,5,赞扬,-0.655963543,-0.44098456,0.139348447,-0.462832701,0.453761834,Calm
52,骄傲,2.990740741,2,5,憎恶,0.170516657,-0.003274233,-0.423121361,0.085220021,-0.413447906,Proud
53,忠诚,3.287037037,1,5,赞扬,0.256178419,-0.029753295,-0.609164245,0.461056226,-0.79691351,Faithful
54,平凡,3.074074074,0,5,祝愿,0.114042865,0.38457146,-1.117497961,0.665117457,0.237200221,Ordinary
55,热心,2.935185185,1,5,赞扬,0.129362174,-0.122674381,0.165636002,0.389557492,0.670265064,Enthusiastic
56,干脆,3.138888889,1,3,赞扬,-0.260112426,0.402016713,-0.332338072,-0.330688448,0.125816393,dry
57,活泼,2.666666667,1,3,赞扬,-0.050065115,0.476634023,1.013651955,-0.133193146,-0.468366288,Lively
58,野蛮,3.333333333,2,5,贬责,0.211366584,-1.142343331,0.399567723,0.281578312,-0.082568414,Savage
59,无聊,3.027777778,0,3,烦闷,-0.776500807,-0.555618606,-0.751915003,1.735884036,1.198104493,Boring
60,大方,2.87037037,1,5,赞扬,-0.587579045,-0.749672758,0.23064002,0.096825862,-0.916993221,generous
61,勤奋,3.027777778,1,5,赞扬,-0.631400914,-0.41435573,0.175298228,-0.158052575,-0.46388636,diligent
62,刻苦,3.027777778,1,5,赞扬,0.076550349,-0.179895433,-0.233593634,-0.351015062,-1.048270964,hard-working
63,无情,3.203703704,2,7,贬责,-0.574409373,0.396350625,-0.948146795,-0.046249649,-0.239321606,ruthless
64,邪恶,3.287037037,2,9,憎恶,0.400872752,-0.356840387,-0.709969473,0.398232479,0.000613537,Evil
65,高贵,2.62962963,1,7,赞扬,0.455437198,-0.484986027,-0.224860461,0.715500849,0.270484991,Noble
66,细心,2.601851852,1,1,赞扬,0.177562161,-0.073613626,-0.51065074,-0.353806278,0.537133798,Careful
67,强硬,3.583333333,0,1,贬责,-0.634825754,0.032766147,1.317822631,0.085109775,0.07138047,Tough
68,执着,3.101851852,1,5,赞扬,-0.559281946,-0.023890932,-0.490684186,-0.673107911,-0.062199301,Persistent
69,从容,3.092592593,1,7,安心,-0.080547312,-0.681583579,-0.518619579,1.415262406,-0.233307912,submissive
70,朴素,2.861111111,1,3,赞扬,-0.281477558,0.817784244,-0.294911145,-0.213214867,-0.015847673,Plain
71,天真,2.509259259,3,5,喜爱,0.334304163,1.236399346,0.368356377,0.529841558,0.628024256,Naive
72,长寿,3.009259259,1,7,赞扬,-0.706147996,-0.119301848,-0.352136473,0.093381095,-0.234805018,long-lived
73,朴实,3.12962963,1,5,赞扬,-0.441852817,0.153313301,-0.263306123,0.349474988,-0.023459527,simple
74,自卑,2.972222222,2,3,失望,-0.013052043,-0.36374592,-0.192979884,0.185756176,-0.636631082,low self-esteem
75,平和,3.046296296,1,3,赞扬,-0.319427221,-0.641700775,0.536293453,0.477718316,-0.064716919,Peaceful
76,纯洁,2.268518519,1,5,赞扬,0.183041033,1.105576331,0.777637576,0.550856086,0.200991248,Purity
77,出众,3.027777778,1,7,赞扬,-0.485809021,-0.034821961,0.367066849,1.43338067,-0.426711525,Outstanding
78,冷漠,3.009259259,2,3,贬责,-0.487872216,0.025252013,-0.400518585,0.484864426,0.507896123,indifferent
79,丰满,1.546296296,1,5,赞扬,0.042328501,0.211248158,0.642684012,-0.111032485,0.004237798,Plump
80,慎重,3.157407407,1,5,赞扬,-0.444012239,-0.199166196,-0.305096118,0.158628654,0.671102922,prudent
81,勤劳,2.907407407,1,5,赞扬,0.221933787,-0.239582673,1.377562715,-1.522670201,-0.015399272,hardworking
82,踏实,3.166666667,0,7,安心,-0.909457976,-0.563121063,-1.084869281,-0.009879603,-0.254024167,down-to-earth
83,潇洒,3.62037037,1,5,赞扬,-0.642263534,-1.044005781,0.530238948,0.150015258,-1.036948435,Dashing
84,滑稽,3.277777778,0,3,贬责,-0.224516389,-0.463973513,-0.041590978,0.65022552,1.567473326,Funny
85,专心,3.027777778,1,5,赞扬,0.4880714,1.30224229,-0.328919744,-0.249973174,-0.025798233,concentrated
86,抑郁,3.009259259,0,9,烦闷,-0.028983051,0.324767286,-0.790728066,1.76844688,1.112707247,depressed
87,帅气,4.342592593,1,5,赞扬,-1.374300573,0.494226834,0.791104422,0.701473748,-0.113922481,handsome
88,敏锐,3.111111111,1,5,赞扬,-0.548922578,-1.338887825,0.13731086,0.108361507,0.034443985,perceptive
89,无耻,3.472222222,2,9,憎恶,-0.25970478,0.500328892,0.604722514,0.994817566,1.701297901,shameless
90,愚蠢,3.064814815,2,7,贬责,-0.885747943,0.879895038,0.540956538,0.146885172,1.424909381,Stupid
91,自私,2.972222222,2,7,贬责,-0.584501046,0.376034449,-0.077529728,-0.238495981,0.090047415,Selfish
92,老实,3.333333333,1,3,赞扬,-0.774983406,-0.251820245,-0.014332546,1.07712593,0.851140282,Honest
93,机智,3.101851852,1,5,赞扬,-0.037927538,-0.980788999,0.462246644,0.652434955,1.016884289,resourceful
94,勤勉,3.064814815,1,1,赞扬,0.676662203,-0.103479365,0.052535063,-0.094362026,-0.995766342,Diligent
95,任性,2.694444444,2,3,贬责,0.421857689,1.133065844,-0.682842114,0.51332074,-0.573511396,capricious
96,正直,3.240740741,1,5,赞扬,0.885974841,-0.362091807,0.90612674,-0.564606784,-0.447476681,upright
97,贪婪,3.175925926,2,7,贬责,0.177150089,-0.037093392,-0.430106759,-0.382198644,-0.197992406,Greedy
98,可笑,2.990740741,2,1,憎恶,-0.725283023,0.30899181,0.125404185,-0.03651538,0.563256805,Ridiculous
99,辛勤,2.925925926,1,5,赞扬,0.799997804,-0.752491452,0.889883883,-1.073661896,-0.541060042,hard-working
100,贴心,2.537037037,1,5,喜爱,-0.65269819,-0.738348921,-0.267958315,1.137561821,0.975735406,thoughtful
101,残暴,3.944444444,2,9,贬责,0.473201482,-0.95112204,0.166710853,0.365566461,0.561836529,Brutal
102,忧郁,2.981481481,0,3,烦闷,-0.590988967,-0.459165359,0.749121068,1.589654724,0.061585555,melancholy
103,无私,3,1,5,赞扬,0.013150667,-0.438534267,-0.479929777,0.468833109,-0.646973106,unselfish
104,慷慨,3.351851852,1,5,赞扬,0.685825914,-0.729419779,0.07049368,0.236551908,-0.272033856,generous
105,高明,3.259259259,1,7,赞扬,-0.967061644,-0.303687272,0.493089289,1.180207594,1.021448119,brilliant
106,真挚,2.990740741,1,5,赞扬,-0.271320945,-0.46708329,0.676410576,0.549370096,0.350987455,Sincerity
107,麻木,3.018518519,2,3,贬责,-2.06930547,-0.340482957,-0.785845284,0.184917135,0.205534609,Numb
108,友善,3,1,5,赞扬,-0.080635332,-0.732285578,0.288301709,1.239641923,1.82234689,friendly
109,虚弱,2.833333333,0,1,贬责,-0.5808195,-0.709067166,0.168634932,0.842215781,-0.855805842,Weak
110,清纯,1.916666667,1,5,赞扬,-0.387708638,1.18686296,0.432074608,0.989617046,-0.58797587,Pure
111,坚韧,3.175925926,1,5,赞扬,0.172133836,-0.461899615,1.207898147,-0.640141251,0.976309406,Tough
112,幼稚,2.916666667,2,7,贬责,-1.060472627,0.807040466,0.761579262,0.252904393,0.885655865,childish
113,质朴,3.027777778,1,5,赞扬,0.093067978,-0.434631126,-0.279799246,-0.586224711,-1.095482045,simple
114,沉着,3.240740741,1,3,安心,-0.29152177,-0.378034876,0.256754299,-0.301166881,1.27215895,calm
115,苛刻,2.990740741,2,5,贬责,0.124278774,0.539237055,0.042393244,0.384143622,0.085706246,Harsh
116,开朗,3,1,5,赞扬,-0.337422487,-0.062246085,0.623831706,0.815036732,-0.305299522,cheerful
117,平庸,3.185185185,2,3,贬责,-1.108479742,0.476438645,-1.005229935,-0.389944417,0.054978357,Mediocre
118,勤俭,2.962962963,1,5,赞扬,0.395846906,0.565657591,0.052520614,-0.411058412,-0.570672777,thrifty
119,时髦,2.481481481,1,5,赞扬,-0.377115081,0.290580504,0.051263917,1.866190919,-0.88004343,Fashionable
120,虚伪,3.037037037,2,9,贬责,-0.799288944,-0.179992485,0.249881878,0.224416396,-0.761455718,Hypocritical
121,怪异,3.166666667,2,1,贬责,-0.116101756,0.208191241,-0.720054797,0.816075296,0.693109852,Weird
122,浮躁,3.074074074,2,5,烦闷,-0.40411169,0.223096913,-0.160634258,0.572504072,-1.860720748,flamboyant
123,尊贵,3.064814815,1,5,尊敬,0.001372506,-0.600039149,0.129343408,1.018214637,0.285399574,Respectable
124,精明,3.101851852,1,5,赞扬,0.135041371,0.078624582,1.601598224,-0.106961426,-0.030267001,shrewd
125,纯真,2.527777778,1,5,赞扬,0.11332759,0.681472267,0.405493996,-0.223129687,-0.263064948,Innocence
126,虔诚,3.018518519,1,7,尊敬,0.391747248,0.138998227,-0.706598274,1.226450688,0.442078258,Devotional
127,圆润,2.305555556,1,9,赞扬,-0.86974113,0.352181314,0.453460031,-0.461753862,-0.640141331,rounded
128,谦虚,3.046296296,1,5,赞扬,-0.144265391,-0.191689312,-0.107090433,0.085762872,-0.822879623,modest
129,虚心,3,1,5,赞扬,0.190758841,-0.498215908,-0.755470011,-0.504059334,-0.870997396,modest
130,淳朴,3.148148148,1,5,赞扬,-0.771371904,-0.005369442,0.608784579,0.595137969,-0.507545403,Simple
131,自负,3.361111111,2,7,贬责,-0.352806318,0.345549347,0.774222551,-0.385455981,-0.931429302,Self-possessed
132,稳重,3.509259259,1,5,赞扬,-1.14351472,0.185278155,0.120896461,1.039773213,-0.681513429,Stable
133,独裁,3.731481481,2,7,憎恶,-0.127408035,0.916385956,-0.58620002,0.159435021,0.414901302,authoritarian
134,庄重,2.833333333,1,5,赞扬,-0.332939461,-0.188373684,0.137240039,0.883874684,-1.072556087,dignified
135,端庄,1.592592593,1,5,赞扬,0.904624385,0.218103043,2.047819273,-0.052083136,-1.08196973,dignified
136,能干,2.972222222,1,5,赞扬,-0.10068175,0.271587383,0.460595178,-0.226552838,-0.267848284,competent
137,丑陋,3.148148148,2,5,贬责,-0.237780664,-0.187457524,-0.132267133,-0.173370433,0.377654136,ugly
138,勇猛,4.203703704,1,5,赞扬,-0.242407226,-0.636467755,0.926662593,-0.222484488,-0.188781891,courageous
139,无畏,3.277777778,1,5,赞扬,0.497314413,-1.363912453,-0.697374636,-0.357570838,-0.01014162,fearless
140,博学,3.222222222,1,5,赞扬,-0.045381254,0.173482392,0.62013049,0.585799081,0.078268963,knowledgeable
141,冷淡,2.888888889,2,5,贬责,-0.199562208,0.562778269,-1.081538855,1.971241615,0.294385947,indifferent
142,显赫,3.361111111,0,5,赞扬,1.450572399,-0.935395039,-0.925506431,0.089983044,-0.166352354,illustrious
143,软弱,2.777777778,2,5,贬责,-0.659856465,0.002611524,0.918728531,1.083849388,-0.344441706,Weak
144,狭隘,3.111111111,2,5,憎恶,-0.76866997,0.309771692,0.105649897,-0.310465166,-0.544081245,narrow-minded
145,妩媚,1.212962963,1,5,赞扬,0.796478275,-0.652970761,1.23472081,1.433967005,-1.089630829,feminine
146,健壮,4.268518519,1,3,赞扬,-0.953041667,-0.432174936,1.119707977,-0.203089597,0.304056477,robust
147,狡猾,3.277777778,2,5,贬责,-0.361188386,-0.730355435,0.86448752,-0.031546781,0.057642107,cunning
148,英明,3.851851852,1,7,赞扬,-0.781042202,-0.648929031,1.280986452,-1.008446092,-0.166774115,wise
149,倒霉,3.018518519,0,3,悲伤,-0.558586107,-0.240331345,-0.094568152,0.278431214,1.623801708,unlucky
150,清廉,3.472222222,1,5,赞扬,0.896259184,0.126360807,-0.983076558,0.837905368,-0.495954762,incorruptible
151,机灵,2.833333333,1,5,赞扬,-0.380253462,-0.37810804,0.830340378,0.71858766,0.579659542,Smart
152,糊涂,3,2,3,贬责,-0.038442033,0.77851381,-1.070879138,-0.079551935,0.775341744,confused
153,英俊,4.537037037,1,5,赞扬,0.110486782,-0.355142203,1.562301853,0.450332292,0.46908959,handsome
154,客气,3.018518519,0,3,尊敬,-0.892334031,-0.930062114,-0.896763797,0.558014318,-0.258939881,polite
155,固执,3.148148148,2,5,贬责,-0.692216255,1.080849237,-0.707528148,0.063856094,-0.358259479,stubborn
156,节俭,2.87962963,1,5,赞扬,0.457716909,-0.065948071,0.204968403,0.179292702,-0.136072174,thrifty
157,威武,4.435185185,1,3,赞扬,-0.061028007,0.045576218,-0.500905041,0.088098578,0.010964686,majestic
158,古怪,3.064814815,2,3,贬责,-0.383422314,0.675229901,-0.389198329,0.438968287,0.462681159,eccentric
159,豪放,3.796296296,1,5,赞扬,-0.449238929,-0.314364164,-0.183556689,0.951556475,-0.657475731,bold
160,难看,3.064814815,2,5,贬责,-0.678559946,0.430889591,0.344468383,0.483313324,0.259022663,unsightly
161,洒脱,3.37037037,1,3,赞扬,-0.262946701,-1.024397991,-0.233445443,0.008997347,-1.476460865,spontaneous
162,强健,4.12037037,1,5,赞扬,-0.25175805,-0.632408257,1.21675884,-0.07574761,-0.433982126,strong
163,倔强,3.092592593,0,1,贬责,0.137965307,1.165808055,0.051159558,1.117759813,-0.801133333,stubborn
164,兢兢业业,3.157407407,1,7,赞扬,-0.115775645,-0.909322518,-1.31619,-0.140103924,-0.780531575,conscientious
165,懦弱,3.425925926,2,5,贬责,0.218920828,0.284944249,0.045703027,-0.22182153,-0.204598092,cowardly
166,冷酷,3.351851852,2,3,贬责,-0.556923098,-0.139534472,-0.46364246,0.531665859,-0.552667884,cold
167,凶恶,3.62962963,2,3,贬责,-0.412407992,-0.817065497,0.635987699,-0.082891828,-0.234803264,vicious
168,威严,3.935185185,1,5,赞扬,0.823194386,-0.51945511,0.306356728,0.759088335,-0.721904116,majestic
169,愚昧,2.953703704,2,7,贬责,-0.32524129,-0.122997833,0.778587664,-0.09441807,-0.012160666,Foolish
170,清秀,2.888888889,1,5,赞扬,-0.438306793,0.525422138,1.403736677,0.477590309,-0.209546201,clean
171,镇定,3.12037037,1,5,赞扬,-0.134507343,-0.031213459,0.503333581,1.327196189,-0.42604858,Calm
172,正经,3.185185185,1,7,赞扬,-0.739383406,-0.403004056,-0.623786688,0.158165787,-0.034475722,decent
173,硬朗,3.759259259,1,3,赞扬,-1.503700701,0.487878715,0.938389394,0.315691872,-0.884721063,hard-headed
174,嚣张,3.268518519,2,7,憎恶,-0.22434407,-0.261755641,-0.066933853,0.548044962,0.474956226,arrogant
175,猖狂,3.657407407,2,7,憎恶,-0.494564399,-0.966468227,0.683370112,0.660695819,-0.008726558,rampant
176,开明,3.231481481,1,3,赞扬,0.73226171,0.242447041,1.027601353,-0.361684771,-0.293485299,enlightened
177,憔悴,2.916666667,0,5,悲伤,0.428882897,1.02593268,-0.099123744,2.059415013,0.537180977,emaciated
178,凶狠,3.444444444,2,5,贬责,-0.312414981,-0.075724053,0.456680157,-0.623420938,0.235693122,fierce
179,聪慧,2.185185185,1,5,赞扬,1.073555057,0.728246702,1.653477147,-0.440254528,-1.104178886,intelligent
180,狂妄,3.546296296,2,7,憎恶,-0.101903569,0.362067569,1.007109514,-0.357617887,-0.164764641,arrogant
181,威风,4.166666667,1,5,尊敬,0.316901227,-0.539900897,-0.484269344,0.145824776,-0.210982661,majestic
182,懒惰,3.046296296,2,7,贬责,-0.224099598,0.673137226,-0.163504016,-0.378786161,-0.089412471,lazy
183,急躁,3.12962963,2,5,慌,-0.201339043,-0.027321764,-0.216041585,-0.231034335,-0.713074182,impatient
184,简朴,2.990740741,1,5,赞扬,0.304268445,-0.243966692,-0.541990247,0.274532936,-0.78868118,simple
185,神勇,4.231481481,1,7,赞扬,0.616922104,-0.369662556,-0.834053564,-0.239289682,0.71080091,courageous
186,纯朴,2.990740741,1,5,赞扬,0.207121582,-0.296095882,0.617952422,0.453961451,-0.061027212,pure and simple
187,悠闲,3.046296296,0,3,安心,-0.374195305,-0.685569877,-0.323494641,1.212957845,0.196911204,leisurely
188,爽快,3.138888889,1,5,喜爱,-0.612922375,-1.012391132,0.2174937,0.33425516,-0.603863299,quick
189,柔弱,1.953703704,0,1,贬责,0.071050347,0.289767296,0.697287927,0.706371647,-0.523984742,soft
190,稚嫩,2.722222222,0,3,喜爱,0.295775138,1.347804236,-0.156116547,0.066105144,-1.228480594,tender
191,慈悲,2.861111111,1,5,赞扬,-0.056744534,-0.789152162,-0.521234303,0.21527175,-0.672292458,compassionate
192,仁爱,2.972222222,1,7,喜爱,0.768730567,0.052701817,0.143770387,0.420358675,-2.038584495,benevolent
193,灵巧,1.981481481,1,5,赞扬,-0.011353666,-1.023046801,1.85203389,-0.099524663,-0.237115372,dexterous
194,阴险,3.435185185,2,9,贬责,-0.271975638,-0.851853631,0.087604163,0.456433118,0.868022793,sinister
195,果敢,3.481481481,1,5,赞扬,-0.033917668,-0.684682717,0.532587696,-0.993473251,-0.351870489,daring
196,猥琐,4.425925926,2,9,贬责,-1.200049425,-0.227618095,-0.42084776,0.482689397,1.809767496,indecent
197,羞涩,2.222222222,0,3,羞,0.169853472,0.05318482,0.48973856,0.290341271,0.682132367,shy
198,痴情,2.935185185,0,9,喜爱,-0.030579325,0.718979418,-0.443124356,0.32667304,-0.143175068,infatuation
199,正派,3.268518519,1,5,赞扬,-0.18793786,0.077027675,-0.516902834,0.242671328,-0.693108584,decent
200,仁慈,2.916666667,1,5,赞扬,0.778263683,-0.679169401,0.102644068,0.779162055,-0.672673543,benevolent
201,慈祥,2.851851852,1,5,喜爱,0.285019228,0.315555823,0.253450861,0.195812046,-0.512848253,kind-hearted
202,俏皮,2.092592593,1,5,赞扬,-0.078486814,-0.837771115,0.780925748,0.750292404,-0.72959349,playful
203,凶残,3.731481481,2,7,贬责,0.179887272,-0.27814025,0.715512852,1.41281355,0.401144412,cruel
204,蛮横,3.027777778,2,5,贬责,0.359935034,0.264724726,0.753375201,0.555618973,0.608498196,brutal
205,干练,3.027777778,1,5,赞扬,0.5889474,-0.51281365,0.825873686,0.976744931,-0.859902445,Competent
206,豁达,3.509259259,1,5,赞扬,0.101344241,0.046856234,-0.502445619,1.228546409,-0.639954449,generous
207,自大,3.37037037,2,7,贬责,-0.084129696,-0.46999636,-0.248781081,0.30216996,-0.437584837,arrogant
208,偏执,3.212962963,2,5,贬责,-0.005727691,0.856372023,-0.277507522,-0.482767543,-0.379572504,Paranoid
209,圣洁,2.12037037,1,5,赞扬,0.667544679,-0.13790684,-0.211669131,0.228929628,-0.737462913,sanctimonious
210,无赖,3.768518519,2,7,贬责,-0.29328309,0.341884134,0.578868147,0.256799972,0.608203836,rascal
211,吝啬,3.101851852,2,7,贬责,0.380464967,-0.435250516,-0.332746638,0.984492352,0.673855525,stingy
212,肤浅,2.87962963,2,7,贬责,-1.169903942,0.293529466,-0.78330014,-0.111568791,0.157202535,superficial
213,落寞,3.148148148,0,7,悲伤,-0.223235501,-0.27619743,-0.517546167,0.542451243,-1.248684875,despondent
214,乖巧,1.962962963,1,3,赞扬,-0.385533173,0.296032596,0.237245479,0.053097197,0.294990413,good-natured
215,文静,1.953703704,1,5,赞扬,0.430533927,0.153779542,1.06518781,0.72874607,-0.162041106,quiet
216,豪爽,3.685185185,1,7,赞扬,-0.161391598,-1.084489205,-0.57995268,-0.468881368,-0.382638391,brisk
217,笨拙,3.157407407,2,5,贬责,-1.051177453,0.036684308,0.576545045,0.450629429,0.430509844,clumsy
218,臃肿,2.888888889,2,3,贬责,-1.063265827,0.943039354,0.810917854,1.414329751,-0.306375042,bloated
219,矫健,3.601851852,1,5,赞扬,-0.357857057,-1.174470178,0.75613768,0.359793821,-0.400932938,athletic
220,萎靡,3.203703704,2,3,贬责,0.012251861,-0.314068869,-0.735200728,0.493028883,0.75683553,languid
221,马虎,3.055555556,2,3,贬责,-0.268142733,0.749464057,-1.177554252,0.311299647,-0.670235575,sloppy
222,和蔼,3.055555556,1,5,喜爱,0.185723741,-0.854354863,0.721963313,-0.036051137,-0.029979743,amiable
223,谦逊,3.277777778,1,5,赞扬,0.785947412,0.133541166,0.718717054,0.38582525,-0.936146171,humble
224,辛劳,2.888888889,1,5,赞扬,0.872638414,0.235475654,-0.544982508,-0.361002131,-1.435321488,hard-working
225,淘气,3.166666667,0,1,贬责,-0.899979498,0.478714615,0.736048546,0.248735749,1.666355715,mischievous
226,腼腆,2.694444444,0,1,羞,-0.489644884,0.309579784,0.609253771,0.119928826,-0.357956752,Shy
227,刚毅,4.009259259,1,5,赞扬,0.553979849,0.892845199,0.453410233,0.673042096,-1.116654348,Stalwart
228,浅薄,2.842592593,2,7,贬责,-1.221625194,0.129676368,-0.239467101,-0.072541467,-0.73787912,shallow
229,消沉,3.194444444,0,5,烦闷,-0.211331324,-0.161295039,-0.393595629,0.636090734,0.493987286,depressed
230,顽皮,3.074074074,3,3,贬责,0.047595205,-0.31970916,0.619091984,0.701300437,0.638441348,mischievous
231,可恶,3.185185185,2,7,憎恶,-0.766907685,0.563579819,0.621762843,0.293399158,0.893155997,Abominable
232,高傲,2.972222222,2,5,贬责,0.181693197,0.821895365,-0.032035113,0.186367417,-1.108989226,arrogant
233,厚道,3.564814815,1,5,赞扬,-0.851397047,-0.051606044,-0.04035802,1.076084212,0.255453828,generous
234,下流,4.212962963,2,7,贬责,-0.822480964,-0.16547964,-0.144098685,0.31770694,1.163437731,nasty
235,憨厚,4,1,5,赞扬,-1.087234482,-0.464010516,-0.174343794,-0.074626048,0.585863633,naive
236,穷困,3.064814815,0,5,烦闷,-0.318565727,-0.609131776,-0.537743805,0.318134194,-0.661366772,poor
237,耿直,3.509259259,1,3,赞扬,0.247707123,0.111369853,-0.147769078,0.568748079,0.513862329,straightforward
238,专一,3.083333333,1,5,赞扬,-0.457445078,0.503247867,-0.38267031,0.871990088,0.794997325,dedicated
239,斯文,4.009259259,1,5,赞扬,-0.833786605,0.200980796,0.383120734,-0.683303393,0.080663975,gentle
240,纯情,2.731481481,1,5,赞扬,-0.342983553,0.63140147,0.324942734,0.847543395,0.303258997,pure
241,温顺,2.296296296,1,1,赞扬,0.331505707,-0.034030304,0.808218898,1.234158626,0.901493421,meek
242,卑劣,3.259259259,2,9,贬责,0.211006678,-0.882146439,0.545118764,0.454474241,1.005979075,mean
243,清高,3.055555556,1,5,赞扬,0.332361902,0.537871011,-1.073458174,-0.525357867,-0.608053216,noble
244,圆滑,3.398148148,2,1,贬责,-0.578036388,-0.432342147,-0.684967439,1.117661391,-0.357789352,smooth
245,淡然,2.962962963,1,3,安心,-0.376062286,-0.588227837,-1.563456367,0.350602921,-0.205924586,light-hearted
246,高洁,2.537037037,1,5,赞扬,1.387471488,0.267998899,0.274268092,0.195479753,-0.466887802,noble
247,和善,2.925925926,1,5,赞扬,-0.100738225,-0.355220929,-0.02066632,0.450112283,-0.534033154,kind
248,俊秀,3.657407407,1,5,赞扬,-0.642360442,0.225529405,1.280620904,1.028256434,-0.312377336,elegant
249,谦和,3.25,1,5,赞扬,-0.056099358,0.138952373,1.011835493,0.851431448,-1.042970654,modest
250,闲散,3.203703704,2,1,贬责,-0.036096703,-0.786365952,1.256419311,1.065068534,-0.24355892,leisurely
251,妖娆,1.546296296,1,5,赞扬,0.20203808,-0.192686128,0.422679833,0.321873963,-0.506110768,enchanting
252,儒雅,4.074074074,1,5,赞扬,-0.339595234,-0.877718219,0.418659901,0.386373322,-0.705708123,elegant
253,懵懂,2.833333333,2,9,贬责,-0.251649736,-0.025186115,-0.128649275,0.086926594,-0.791387105,ignorant
254,用功,3.074074074,1,5,赞扬,-0.559484412,0.801704349,0.098373221,0.601898895,-0.931527502,hard-working
255,直率,3.12962963,1,5,赞扬,0.207249761,-0.168498121,0.063828085,0.560764542,-0.617158741,straightforward
256,自满,3.138888889,2,3,贬责,0.200169525,-0.197743565,-0.364194968,0.218132112,-0.593988279,complacent
257,坦荡,3.37962963,1,7,赞扬,-0.320963279,-1.635992996,-0.056350615,-0.302072541,-0.58944531,frank
258,温婉,1.472222222,1,3,赞扬,0.183380927,0.059195128,0.510940423,0.927212456,-0.873795864,gentle
259,孤僻,3.185185185,2,1,贬责,-0.236077072,0.129983379,-0.325672684,0.108713604,-0.348961694,aloof
260,忠贞,2.074074074,1,5,赞扬,0.80217523,0.003433198,-0.795689411,0.523779652,0.237808515,loyal
261,呆板,3.240740741,2,3,贬责,-1.349050853,0.542202775,-0.011242056,1.410215889,0.402793954,Dull
262,随和,3.064814815,1,3,赞扬,-0.81101646,-0.113629374,-0.555034535,0.691835683,-0.801530383,easy-going
263,泼辣,1.574074074,2,7,贬责,1.169829115,-0.290645704,0.659147135,-0.152582097,-0.301944383,spirited
264,刻薄,2.75,2,7,贬责,0.852687323,0.40692468,0.314183443,0.692301059,-0.268292268,mean
265,刚强,3.657407407,1,5,赞扬,0.865503435,-0.177404165,0.359323723,-0.348064508,-0.769501315,Strong
266,俊美,3.527777778,1,5,赞扬,-0.128509085,-0.251624876,0.834493931,0.856178986,-0.333198351,handsome
267,狠心,2.990740741,2,5,贬责,0.850684553,0.51281471,-0.141475229,-0.03578832,-0.034333371,ruthless
268,文雅,3.009259259,1,7,赞扬,-0.026503002,0.495955007,1.011983923,0.192819915,-0.227422313,elegant
269,魁梧,4.648148148,1,3,赞扬,-0.283836634,-0.659052218,0.721695007,0.174668706,-0.053833033,sturdy
270,凶悍,3.444444444,2,3,贬责,0.102772114,-0.769149704,0.228884083,0.077194568,-0.38802108,fierce
271,称职,3.092592593,1,5,赞扬,-0.125300707,-0.160495707,0.368261522,0.50542285,0.106191722,competent
272,鲁莽,3.768518519,2,5,贬责,0.475067183,-0.12462683,-0.042325806,0.367143631,-0.601898495,reckless
273,忠厚,3.703703704,1,5,赞扬,0.985882965,0.146928487,0.332818584,0.050292865,-0.757890445,loyal
274,小气,2.916666667,2,7,贬责,-0.267161122,0.347043864,-0.653385483,0.636376166,0.033272236,petty
275,机敏,3.157407407,1,5,赞扬,0.24886701,-0.874590483,0.52019507,0.000182851,0.191354155,quick-witted
276,心急,3,0,3,慌,0.188937744,-0.341040376,-0.593052993,0.437285422,-0.020973907,impatient
277,狡诈,3.611111111,2,5,贬责,-0.178593706,-0.867408185,0.002586165,0.205561734,-0.231359283,Cunning
278,老练,3.314814815,1,3,赞扬,0.022122204,-1.437430003,0.841377669,0.427959851,0.286915271,Sophisticated
279,苗条,1.685185185,1,5,赞扬,-0.164637482,-0.139830467,0.941321648,0.951278832,-0.117928073,slim
280,迷糊,2.935185185,0,5,烦闷,-0.183424477,-0.45931659,-0.774721976,0.551865903,0.762409358,confused
281,邋遢,3.453703704,2,7,贬责,-0.3614137,-0.171059474,0.322081207,0.011661099,0.523942128,sloppy
282,死板,3.25,2,3,贬责,-1.709348787,0.231278976,-0.391980517,0.551110784,-0.162394026,rigid
283,苍老,3.222222222,0,5,悲伤,-0.022595486,0.584071375,0.769527673,0.525985066,-0.841275107,old
284,矜持,2.083333333,1,5,羞,-0.150224733,0.483975378,0.411224416,-0.023924605,-0.928937865,reserved
285,利索,2.888888889,1,3,赞扬,-0.93969562,-0.359275876,1.033940381,0.241957929,-0.300730653,sharp
286,雄健,4.564814815,1,5,赞扬,0.264736263,-0.608630854,0.423461984,0.269857831,-0.946403757,robust
287,勤快,2.87037037,1,5,赞扬,-1.017016438,-0.144110647,-0.696034425,0.491676294,-0.633731404,diligent
288,粗鲁,3.916666667,2,5,贬责,-0.261741195,-0.43521768,0.003955905,1.087319168,0.832742408,rude
289,聪颖,2.453703704,1,5,赞扬,1.470564838,0.318741377,0.840160378,-0.267398072,-0.485817405,intelligent
290,懒散,3.175925926,2,5,贬责,-0.691756,-0.524904744,-0.107551725,0.038649804,-0.563090464,lazy
291,率真,3.009259259,1,5,喜爱,0.668785356,-0.499297188,-0.009850365,0.661235855,-0.710203098,frank and sincere
292,粗俗,3.62037037,2,7,贬责,-0.590432532,-0.040632412,0.119220363,0.684249963,-0.075484351,coarse
293,好客,3.101851852,1,3,赞扬,-0.180803403,-0.789653247,0.6054326,0.355296733,0.128150556,hospitable
294,冷峻,3.888888889,2,5,贬责,-0.660549927,-0.092358722,0.361504895,1.135940517,0.144538719,cold
295,谦卑,3.314814815,0,5,尊敬,0.501782755,0.129901641,0.211272545,0.618029048,-0.542179576,humble
296,拖拉,2.962962963,2,3,贬责,-0.518788033,-0.043215674,-0.432898302,0.7223941,0.046486184,dragging
297,奢靡,2.981481481,2,7,贬责,1.068772589,0.286249087,-1.562901717,0.16476664,-0.533478065,extravagant
298,英武,4.324074074,1,7,赞扬,0.721088132,-0.526891563,0.405485397,0.74749917,-0.710873232,heroic
299,窝囊,4.037037037,2,7,贬责,-0.524930235,0.568727093,-0.374931645,-0.331040536,0.855522447,weak
300,散漫,3.064814815,2,5,贬责,-0.412771574,-0.58578408,-0.03899848,0.867570473,-0.416670616,diffident
301,贪心,3.037037037,2,7,贬责,-0.692320859,0.490730965,-0.299425539,0.642603378,0.442693359,greedy
302,拘谨,2.935185185,0,3,烦闷,-0.418674857,-0.589581252,0.299501465,0.167898473,-0.123315807,restrained
303,放荡,2.712962963,2,5,贬责,0.792290083,0.268216633,-0.077905593,-0.00301674,-0.430452347,slutty
304,专横,3.333333333,2,5,贬责,0.37430815,0.596769125,0.096527491,0.256118514,-0.756764795,domineering
305,刚健,4.388888889,1,5,赞扬,0.332502684,-0.565921798,0.414429328,0.27970886,-0.521383889,robust
306,俏丽,1.333333333,1,5,赞扬,0.64234124,0.842321768,0.968689206,0.534230574,-0.283290906,pretty
307,孱弱,2.888888889,2,3,贬责,-0.182892574,-0.742194252,0.620965946,0.219550686,-0.439745341,frail
308,冷冰冰,2.611111111,2,5,贬责,-0.672101691,1.018113367,-1.320140477,0.460204036,-0.69807644,cold
309,狠毒,2.888888889,2,7,贬责,0.577354817,-0.468182395,1.213487355,0.454024576,0.476617859,vicious
310,昏庸,3.990740741,2,7,贬责,0.223349871,0.221951412,-0.466446627,0.040553898,-0.345800517,Faint
311,明净,3.083333333,1,3,赞扬,0.103633127,0.188587278,0.348157163,0.59391772,-0.227716781,bright and clean
312,荒淫,4.12037037,2,7,贬责,1.011010178,0.117614244,0.057454276,0.136090689,-0.409386232,despicable
313,多疑,2.87037037,2,3,贬责,0.476284986,-0.115350818,-0.363345423,0.095407057,-0.288062542,suspicious
314,轻狂,3.833333333,2,7,贬责,-0.060737725,0.220113973,-0.229225936,0.101961135,-0.12098546,frivolous
315,恬淡,2.62962963,1,9,安心,0.158067472,0.074522308,-0.251414623,0.317525388,-0.593980197,indifferent
316,世故,3.287037037,2,5,贬责,0.013245836,0.097848299,0.047212053,-0.10676371,-0.705384301,worldly
317,显贵,3.333333333,1,3,赞扬,0.652519405,-0.593276699,-0.904211867,0.644580755,-0.260232782,noble
318,机警,3.222222222,1,5,赞扬,-5.06E-05,-0.760596019,0.42458081,0.49710652,-0.141720041,alert
319,轻浮,2.87962963,2,7,贬责,0.088559805,0.29011363,-0.074200911,-0.05693883,-0.618355492,frivolous
320,刚烈,2.907407407,1,5,赞扬,0.758616837,-0.040539264,-0.053185378,0.602892421,0.194102915,strong
321,骄横,3.166666667,2,5,贬责,0.408040348,-0.7422873,0.163670087,0.366295988,-0.234131729,arrogant
322,堂堂正正,3.62962963,1,7,赞扬,0.037355477,-0.344860768,-0.778586112,-0.338727649,-0.689364901,dignified
323,亲善,3.046296296,0,3,喜爱,0.292560059,0.010662392,0.972065695,0.442926925,0.28325441,kind
324,丰腴,1.425925926,1,3,赞扬,0.517294911,0.987226756,0.456953246,-0.303301041,-0.557656311,fertile
325,贤惠,1.37962963,1,5,赞扬,0.83479396,0.216197856,0.782455454,-0.466634431,-0.063234551,virtuous
326,无恶不作,3.601851852,2,7,贬责,0.367182035,-0.853724245,-0.198223415,-0.075616001,0.325600569,evil-free
327,阴郁,3.240740741,0,5,烦闷,-0.595412285,-0.198952896,-0.409857194,1.473416173,-0.011071846,gloomy
328,壮实,4.453703704,1,3,赞扬,-0.373442754,0.050526326,0.542231085,0.443012297,-0.2269969,strong and sturdy
329,财大气粗,3.907407407,3,3,赞扬,-0.456638789,-0.608821614,-0.596581623,0.036011701,-0.70745855,wealthy
330,执拗,3.185185185,2,3,贬责,-0.014351873,0.617127705,-0.263316153,-0.062596573,-0.426848068,stubborn
331,秀气,2.601851852,1,7,赞扬,-0.49004006,0.61495856,0.72013423,-0.213384296,-0.484682651,delicate
332,娇羞,1.462962963,1,5,羞,0.281435268,0.448475373,0.498422705,0.403442625,0.035347831,shy
333,恶狠狠,3.305555556,2,7,憎恶,-0.303431705,0.177631793,0.491139801,-0.541829492,0.472180152,vicious
334,老成,3.638888889,0,5,赞扬,-0.253858422,0.275596294,0.457711345,0.306198811,-0.415162656,old fashioned
335,低能,3.092592593,2,5,贬责,-0.095800074,0.526096693,-0.388101265,0.103328885,0.718231526,low energy
336,风风火火,2.916666667,0,5,慌,-0.509795634,-0.654178419,0.736412597,-0.349584213,0.003350748,windy
337,奸诈,3.675925926,2,9,贬责,0.277552472,-0.848928205,-0.14972005,0.109355395,0.05446571,treacherous
338,坚忍,3.166666667,1,5,赞扬,1.154242675,-0.004750145,-0.162122238,-0.266382544,-0.551048986,stoic
339,孤傲,3.212962963,2,7,贬责,-0.1285518,-0.887739692,0.110436566,0.636798174,-0.907963463,arrogant
340,肥壮,4.064814815,1,3,赞扬,-0.706606127,-0.197538487,0.762936347,0.309549323,0.453959143,fat
341,大大咧咧,2.981481481,2,5,贬责,-1.067825621,-0.461482591,-0.311919411,0.350375322,-0.165899362,big-headed
342,俗气,3.046296296,2,5,贬责,-0.712822209,0.852756616,-0.413594755,-0.002592434,-0.088397666,vulgar
343,沉郁,3.25,0,3,烦闷,-0.144731262,-0.03278338,-0.098710371,1.034776042,-0.347415304,somber
344,俊俏,3.12962963,1,5,赞扬,0.810461818,-0.03044966,0.923007371,0.536553801,-0.669465761,charming
345,坚贞,1.962962963,1,5,赞扬,1.364646438,0.22750832,-0.099082395,0.591079431,-0.551894104,chaste
346,木讷,3.416666667,2,3,憎恶,-0.844331539,0.65099402,0.241060928,0.281788586,-0.379554185,wooden
347,势利,2.972222222,2,7,贬责,-0.01939851,0.0672665,-0.490662089,0.418730694,-0.199154234,snobbish
348,贤能,3.092592593,1,7,赞扬,0.783957986,0.502801288,-0.348099524,-0.148026265,-0.401523859,capable
349,伶俐,2.083333333,1,5,赞扬,0.526094296,-0.008530722,0.775038658,-0.086226158,0.018148938,clever
350,迂腐,3.712962963,2,7,贬责,-0.290784448,0.278584054,-0.008490652,0.533195207,-1.142045978,pedantic
351,阔绰,3.527777778,0,1,贬责,0.753238663,-0.102882805,-0.521335705,0.470639343,-0.7063857,broad-minded
352,卑贱,2.787037037,2,9,贬责,1.050985671,-0.817412682,-0.221958223,0.419444719,-0.241757253,lowly
353,愁苦,3.018518519,0,5,烦闷,0.656273414,-0.300022487,-0.241224605,0.452201093,-0.466616023,sorrowful
354,率直,3.166666667,1,5,赞扬,0.061446566,0.512623564,0.187720148,0.06521167,-0.33925259,straightforward
355,谦恭,3.305555556,1,5,赞扬,0.324145953,-0.358461082,-0.064350059,0.565571424,0.168221464,modest
356,直爽,3.148148148,1,5,赞扬,-0.345799521,-0.36721731,-0.398732206,0.199319207,-0.334492911,straightforward
357,傻乎乎,3.111111111,0,3,贬责,-0.951970878,-0.201071845,-0.07751804,-0.011365683,0.895216256,silly
358,磊落,3.5,1,5,赞扬,0.626777677,-0.541820926,-0.310255473,0.284057388,-0.710746022,straightforward
359,剽悍,3.898148148,2,3,憎恶,-0.427833865,-0.812475736,0.252678639,0.469111419,0.082305229,swarthy
360,寒酸,3.398148148,0,3,悲伤,-0.351860027,-0.167363176,-0.735220527,0.473146203,-0.191130889,shabby
361,莽撞,3.583333333,2,5,贬责,0.97522987,-0.446747579,0.17197692,0.067955259,-0.059256366,reckless
362,懒洋洋,3,0,3,贬责,-0.823359969,-0.840662852,-0.737943633,1.249070007,0.380394262,lazy
363,漠然,3.074074074,2,3,贬责,-1.073430854,0.095438213,-0.438713051,0.253914276,-0.346795408,indifferent
364,刚正,3.935185185,1,5,赞扬,0.852272171,-0.225201084,-0.624432882,-0.077865577,-0.755938899,stiff
365,狡黠,3.435185185,2,3,贬责,-0.069508692,-0.70443882,-0.301845434,0.016426367,-0.351451769,cunning
366,多愁善感,2.203703704,2,3,悲伤,0.019223094,0.360650005,0.093331823,1.190844661,-0.745873055,sentimental
367,勤恳,3.055555556,1,5,赞扬,0.438704739,-0.239381357,-0.119704101,-0.189326331,-0.941234199,diligent
368,马马虎虎,3.101851852,2,5,贬责,-1.179693424,0.699688955,-1.218114639,0.07468498,0.495764444,Sloppy
369,好强,3.055555556,1,5,赞扬,0.223202812,0.470724043,0.663534267,1.130175005,-0.174254567,strong
370,文质彬彬,4.203703704,1,7,赞扬,-0.556523799,-0.092196127,0.371953994,-0.053428206,-0.4813037,refined
371,缺德,3.12037037,2,7,贬责,-0.394357363,-0.286840884,-0.422801491,0.861389068,0.825145461,lacking in virtue
372,贤淑,1.305555556,1,5,赞扬,1.365619757,0.2625562,0.374719226,0.382919342,-0.405737734,virtuous
373,凶暴,4.185185185,2,7,贬责,0.379136308,-0.622407114,-0.099101352,0.227505999,0.036807995,violent
374,麻利,2.851851852,1,3,赞扬,-0.708877023,-0.505168548,-0.416409529,-0.500650531,0.479945654,quick
375,娇媚,1.203703704,1,5,赞扬,0.988222416,0.079279464,0.481447604,1.165666302,-0.551008483,charming
376,清瘦,3.324074074,0,7,悲伤,-0.360191445,0.300433266,0.54615266,0.455906735,-0.826437978,thin
377,老辣,3.648148148,2,5,贬责,-0.171678186,0.006288762,0.130238515,0.431914928,0.357033693,old and spicy
378,纤弱,1.648148148,2,5,贬责,1.170448348,-0.118617328,1.00352743,0.50475192,-0.472545447,frail
379,好胜,3.305555556,2,3,贬责,0.534580705,-0.242379489,-0.024559433,0.149338756,-0.147291513,aggressive
380,轻佻,2.416666667,2,7,贬责,1.997954617,-0.221718195,-0.142145965,0.839307779,-0.183405115,frivolous
381,圣明,3.962962963,1,9,赞扬,-1.277240057,0.030321876,-0.307697138,-0.130345521,0.006364751,saintly
382,假惺惺,3.027777778,2,5,贬责,-0.723369446,-0.0040867,0.336935413,0.253632856,-0.00705498,hypocritical
383,心灵手巧,1.787037037,1,9,赞扬,0.564713849,-0.130080634,0.959337645,0.245768873,0.395356714,dexterous
384,健硕,4.37037037,1,3,赞扬,-1.15150127,-0.309794082,0.652970738,-0.280468847,-0.11368466,sturdy
385,老谋深算,4.064814815,2,5,贬责,-0.290839297,-0.275952303,0.110862571,0.163462836,-0.250697841,resourceful
386,放浪,3.268518519,2,5,贬责,-0.043738403,-0.182653194,0.007930032,0.328383147,-0.586242194,dissipated
387,愚笨,3.351851852,2,7,贬责,-0.934359825,0.737667689,0.119375748,0.002728482,-0.191417912,foolish
388,孤苦,2.981481481,0,3,悲伤,1.364741293,-0.518069076,-0.132852104,0.339625271,-0.360078382,lonely
389,恭顺,2.935185185,0,7,尊敬,0.179714268,0.252836779,0.127475297,-0.032302984,-0.231285446,obedient
390,壮硕,4.601851852,1,3,赞扬,-1.105525886,-0.368481138,0.061336163,0.160287798,-0.045788565,sturdy
391,娴静,1.351851852,1,1,安心,1.892170362,0.164083159,0.570106462,0.751948062,-0.391757096,quiet
392,柔媚,1.259259259,1,1,赞扬,0.80802781,-0.405350466,0.16743463,1.012823233,-0.12738773,feminine
393,张狂,3.796296296,2,5,贬责,-0.384525284,-0.396420236,-0.711606437,0.281677706,-0.481270135,wild
394,锋芒毕露,3.435185185,2,1,贬责,-0.446884727,0.055543227,0.016604314,0.124138102,-0.719355634,sharp
395,精壮,4.425925926,1,5,赞扬,-0.950743405,-1.127110523,0.513758405,0.067392287,0.060333624,sturdy
396,清清白白,2.851851852,1,5,赞扬,-0.075453945,0.434582788,-0.728564809,-0.05919813,-0.116459698,Clear
397,温厚,3.453703704,1,3,赞扬,-0.210123647,0.363003805,0.628721207,0.015296303,-0.838183077,gentle and generous
398,阔气,3.453703704,2,1,贬责,0.548691591,-0.222488586,-0.799230422,0.507608651,-0.389331233,broad-minded
399,低贱,2.731481481,2,5,憎恶,0.98055053,-1.01463363,-0.94764307,0.34542697,0.44389892,lowly
400,油滑,3.824074074,2,3,贬责,0.183103919,-0.793173288,0.023764349,-0.333604333,-0.633148562,oily
401,愚钝,3.287037037,2,7,贬责,-0.232043389,-0.626190469,-0.174808625,0.684207171,0.275818773,stupid
402,冒失,3.175925926,2,3,贬责,0.010611194,0.338422959,-0.280231359,0.420465706,0.18059664,impudent
403,廉明,3.694444444,1,5,赞扬,-0.155067303,0.309329378,-0.82196582,0.206630555,-0.437275597,incorruptible
404,桀骜,3.759259259,0,3,贬责,0.632842663,0.131581253,0.030828089,0.438367131,-0.451720411,unruly
405,老实巴交,3.787037037,1,5,相信,-0.713914966,0.194610749,-0.0021414,0.120204031,0.457880921,Honest
406,明慧,2.398148148,1,3,赞扬,-0.174246865,0.217852269,-0.3842827,0.347226198,-0.315423329,intelligent
407,娇贵,1.75,2,1,贬责,1.121413013,-0.196790861,-0.375153949,0.454562661,0.095439217,delicate
408,疑神疑鬼,2.953703704,2,9,怀疑,0.209139542,-0.180158443,-0.829371625,0.235462669,-0.188399805,suspicious
409,木然,3.240740741,2,3,憎恶,-0.749616523,0.435966281,-0.408369876,0.170192824,0.374875517,mute
410,腰缠万贯,3.916666667,1,7,赞扬,-0.383594627,-0.392901682,-0.852280175,0.056320478,0.062117795,wealthy
411,扭捏,2.287037037,0,3,羞,-0.361514978,0.248517902,-0.108164612,0.525831446,-0.759695538,twisted
412,水灵灵,1.333333333,1,5,赞扬,-1.024272113,0.592164724,-0.116864397,-0.053250449,-0.044925116,watery
413,胖乎乎,3.037037037,0,3,喜爱,-1.060172284,0.435838203,0.257058349,-0.088763444,0.156853536,chubby
414,温良,2.62962963,1,5,赞扬,0.809209208,0.063769136,0.273966948,-0.150327419,-0.328208347,gentle
415,庸碌,3.638888889,2,3,贬责,-0.758720986,-0.165148845,-0.930605588,0.484656259,-0.592695931,mediocre
416,宽宏,3.509259259,1,5,赞扬,0.004622455,-0.535839582,-0.517228661,0.486113437,-0.329065433,magnanimous
417,下贱,2.425925926,2,9,贬责,-0.192795369,0.223888848,-0.465173198,0.598094883,0.27355465,lowly
418,颓唐,3.537037037,2,5,贬责,-0.528467634,-0.211665489,-0.773512196,0.225117231,0.058393355,decadent
419,文气,3.351851852,1,5,赞扬,0.585999205,0.258681327,0.384824622,0.242009621,-0.367264154,gentle
420,强横,3.787037037,2,5,贬责,-0.571303766,-0.952028,-0.455110601,0.118607973,-0.200041853,strong
421,颓丧,3.555555556,2,1,烦闷,0.507657222,0.05155371,-0.532562252,0.339181972,0.145475088,decadent
422,怯弱,2.777777778,2,5,贬责,0.929774205,0.393060609,0.050780531,-0.179833496,-0.323623074,timid
423,滑头,3.925925926,2,5,贬责,-0.773729653,0.435697874,-0.403185773,-0.025117979,0.11864282,slick
424,目不识丁,3.092592593,2,3,贬责,0.7085258,-0.338197596,0.2174505,0.055770159,-0.111306109,illiterate
425,六亲不认,3.175925926,2,9,贬责,-0.850619966,-0.707548449,-0.850605327,0.021561457,0.457716175,unrecognizable
426,婆婆妈妈,3.287037037,2,3,贬责,-0.099939571,0.683736046,-0.496732622,0.670183702,-0.209402248,motherly
427,诡诈,3.611111111,2,7,贬责,0.679092147,-0.5290692,-0.547859363,0.151093318,-0.385555301,deceitful
428,宽宏大量,3.5,1,7,赞扬,-0.19303902,-0.617502878,0.035170012,-0.272591111,-0.337887743,generous
429,朴质,3.148148148,1,5,赞扬,0.4969726,0.057570436,0.149114757,0.219982807,-0.18373785,simple and unpretentious
430,慈和,2.75,1,5,赞扬,0.708697304,0.366545026,0.938105705,0.140986612,0.01889264,kind and gentle
431,冷若冰霜,2.212962963,2,1,贬责,0.52882622,0.605100134,-0.065397575,0.402289832,-0.011582198,cold as ice
432,小家子气,2.740740741,2,5,贬责,-0.698687114,0.72037535,-0.214524381,0.690575793,-0.247376095,small-minded
433,羞答答,1.666666667,0,3,羞,0.174317424,0.173267789,0.211878779,0.610225461,0.120125259,shy
434,矫捷,3.490740741,1,5,赞扬,-1.414066026,-0.645801676,0.436198378,0.431253436,-0.09676452,quick-witted
435,知趣,2.981481481,1,5,赞扬,-0.48166255,-0.27460167,0.009300704,0.212923648,-0.169475169,tactful
436,爽直,3.194444444,1,5,赞扬,0.382711218,-0.177686548,0.082661366,0.11060903,-0.333664659,straightforward
437,骄矜,1.972222222,2,7,贬责,0.753706967,-0.267878884,-0.517545715,0.149516807,-0.492772609,arrogant
438,见钱眼开,3.111111111,2,7,贬责,-0.582766378,-0.280988657,-0.458285051,0.150310021,0.148246552,money-minded
439,清俊,4.101851852,1,5,赞扬,-0.049199316,0.570597444,0.772214296,0.338524491,-0.246725407,handsome
440,羞羞答答,1.62962963,0,1,羞,0.388509177,-0.195713636,-0.16341662,0.09428969,0.057981909,shy
441,口蜜腹剑,3.185185185,2,7,贬责,-0.548881907,-0.198484023,-0.313698732,0.273555171,-0.085060691,shy
442,羞赧,2.37037037,0,1,羞,-0.652675767,-0.014809165,0.039531959,0.619460556,-0.121479656,blushing
443,优柔,2.462962963,2,3,贬责,-0.341990602,0.170922676,-0.102537626,0.165772213,-0.066534655,gentle
444,挚诚,3.138888889,1,7,赞扬,-1.131740725,0.018329341,-0.11211674,0.221527406,0.044150244,sincere